:020000040800F2
:2000000000500020E12F00083D0D0008450D00084D0D0008550D00085D0D0008000000006E
:20002000000000000000000000000000650D0008730D000800000000810D00088F0D000884
:20004000313000083130000831300008313000083130000831300008313000083130000858
:20006000313000083130000831300008313000083130000831300008313000083130000838
:200080003130000831300008313000080000000000000000000000000000000031300008BC
:2000A0003130000831300008313000083130000831300008313000083130000831300008F8
:2000C000313000083130000831300008313000083130000831300008313000080000000041
:2000E00031300008313000083130000800000000000000000000000000000000313000085C
:200100000000000031300008313000083130000800000000000000000000000000000000A4
:200120003130000831300008313000083130000831300008000000000000000000000000B2
:20014000000000000000000000000000313000083130000831300008313000083130000892
:200160003130000831300008000000000000000000000000000000000000000000000000AD
:20018000000000003130000800000000000000003130000831300008000000000000000024
:2001A00010B5054C237833B9044B13B10448AFF300800123237010BD7C0000200000000001
:2001C0003057000808B5034B1BB103490348AFF3008008BD0000000080000020305700080C
:2001E000034613F8012B002AFBD1181A0138704701F0FF01102A2BDB10F0070F08D010F840
:20020000013B013A8B422DD010F0070F42B3F6D1F0B441EA012141EA014122F007047FF0E1
:2002200000070023F0E80256083C85EA010586EA010685FA47F5A3FA87F586FA47F6A5FA04
:2002400087F68EB9EED1F0BC01F0FF0102F0070232B110F8013B013A83EA010313B1F8D123
:200260000020704701387047002D06BF35460338073815F0010F07D1013015F4807F02BFE9
:20028000013015F4C03F0130F0BC0138704700BF53B94AB9002908BF00281CBF4FF0FF3128
:2002A0004FF0FF3000F088B9ADF1080C6DE904CE00F006F8DDF804E0DDE9022304B07047C8
:2002C0002DE9F047089D0F4604468C46002B48D18A42164661D9B2FA82F34BB1C3F1200222
:2002E00001FA03FC20FA02F29E4042EA0C0C9C404FEA164EB7B2BCFBFEF1220C0EFB11CC38
:2003000042EA0C4201FB07F0904209D9B21801F1FF3C80F0EE80904240F2EB8002393244C7
:20032000121AA4B2B2FBFEF00EFB102244EA024400FB07F7A74209D9341900F1FF3280F04E
:20034000DA80A74240F2D7803444023840EA0140E41B00211DB1DC400023C5E90043BDE8F1
:20036000F0878B4206D90DB1C5E9000100210846BDE8F087B3FA83F1002948D1BB4202D32D
:20038000824200F20781841A67EB030201209446002DE4D0C5E9004CE1E7002A00F0928060
:2003A000B2FA82F3002B40F0A8808A1A4FEA164E1FFA86FC0121200CB2FBFEF70EFB17228B
:2003C00040EA02420CFB07F0904207D9B21807F1FF3802D2904200F2E2804746121AA4B2FD
:2003E000B2FBFEF00EFB102244EA02440CFB00FCA44507D9341900F1FF3202D2A44500F2C9
:20040000CB801046A4EB0C0440EA0740A2E7C1F120068B4022FA06FC4CEA030C07FA01F4A6
:2004200020FA06F3F7404FEA1C49234300FA01F81FFA8CFEB7FBF9F01C0C09FB107744EA5C
:20044000074400FB0EF7A74202FA01F20AD91CEB040400F1FF3A80F09B80A74240F298809F
:2004600002386444E41B9FB2B4FBF9F309FB134447EA044403FB0EFEA64509D91CEB0404F5
:2004800003F1FF3780F08280A6457FD9023B644443EA0040A4EB0E04A0FB02E7BC4273464F
:2004A000B94663D360D05DB1B8EB030264EB090404FA06F622FA01F31E43CC40C5E900643C
:2004C00000214CE76208480842EAC1710B0C43EA00438AB242EA0342B3FBF6F1E407B44602
:2004E0003746B6461F23B0FBF6F0D21B41EA004161E7614614E7104628E7C3F1200120FA19
:2005000001F29E4027FA01F19F403A434FEA164E1FFA86FCB1FBFEF70EFB1710110C41EA4A
:20052000004107FB0CF8884504FA03F43AD9711807F1FF3001D288451FD8A1EB0801B1FB17
:20054000FEF808FB0CF70EFB181192B242EA0142BA422FD2B21808F1FF31C6D2BA42C4D2A0
:20056000A8F102013244C0E7F0459CD2BEEB020367EB0C070138B94695E7A6EB0808414432
:20058000B81EB1FBFEF808FB0CF7DCE73B467FE7504667E70846FBE63444023832E7023F14
:2005A00032441BE7A1EB08013846B1FBFEF808FB0CF7C8E7414698E7704700BF80B584B074
:2005C00000AF124B1B68FB60104B04331B68BB6072B600BF0E4B00221A600D4B00225A60F1
:2005E0000B4B00229A600B4B084A9A6062B600BFFB683B603B6883F3088800BFBB687B60AC
:200600007B68984700BF1037BD4680BD0082000810E000E000ED00E090B5C5B002AF07F544
:200620008473A3F58273186007F58473A3F582731968524800F0A6F9514800F0A3F907F573
:200640008473A3F582731B685B684E4A934201D001238EE04C4800F095F907F58473A3F563
:2006600082731B68DB68002B08D007F58473A3F582731B68DB68454A934201D9022378E0BB
:20068000434800F07FF907F58473A3F582731B6803F5007319463F4800F074F907F58473C3
:2006A000A3F582731B6803F5007207F58473A3F582731B68DB681946104600F013F9C7F80A
:2006C000040107F58473A3F582731B681B69D7F804219A4201D004234BE007F170031846D2
:2006E00002F03EF907F58473A3F582731B6803F5007107F58473A3F582731B68DA6807F128
:200700007003184602F068F907F1700207F1E0031146184602F0A3F907F10C031E4A642139
:20072000184604F00DFB07F10C03184600F02AF907F58473A3F582731B6803F1140401F0E7
:2007400053FB034607F1E001009323462022134801F024FEC7F80001114800F013F9D7F899
:200760000031012B01D0052303E00E4800F00AF90023184607F58677BD4690BD4857000886
:200780006C570008E5B1000B9C57000800800300C4570008EC5700080C580008B459000880
:2007A000245800084C58000880B582B000AF0E4B7B600E4B3B607B689B6819460C4800F042
:2007C000E1F83B689B6819460A4800F0DBF83B689A687B689B689A428CBF01230023DBB2A0
:2007E00018460837BD4680BD00800008000004086C5800088858000880B5C8B000AF364BF7
:20080000C7F81431D7F81401FFF706FF034687F8133197F81331002B07D097F813311946E2
:200820002E4800F0AFF8002351E00421022000F030FB294BC7F80C310023C7F81C31D7F887
:200840001431DB6803F50073C7F80831244BC7F818314FF48073C7F8043131E0D7F8082103
:20086000D7F81C31D21AD7F80431934228BF1346C7F80031D7F80C21D7F81C31D118D7F897
:2008800000213B46184604F001FBD7F80031002B00DA03339B109AB23B461946D7F818016E
:2008A00000F0C4FAD7F80031D7F818211344C7F81831D7F80031D7F81C211344C7F81C31B4
:2008C000D7F81C21D7F808319A42C7D30123184607F59077BD4680BD00000408B4580008A9
:2008E0000080000880B487B000AF786039604FF0FF337B6100233B6121E07A683B691344FB
:200900001B781A467B6953407B610023FB7310E07B6903F00103002B05D07B695A080E4B96
:2009200053407B6102E07B695B087B61FB7B0133FB73FB7B072BEBD93B6901333B613A69A8
:200940003B689A42D9D37B69DB4318461C37BD465DF8047B704700BF2083B8ED80B483B0BD
:2009600000AF7860064B1B68002B02D1044A7B681360002318460C37BD465DF8047B704728
:20098000980000200FB490B5C3B000AF07F58E7207F58473A3F582731A6007F58473A3F5F4
:2009A000827307F108001B68D7F818214FF4807104F02AFA0B4B1C6807F108031846FFF73A
:2009C0000FFC03469AB207F108016423204603F0FBFD00BF07F58677BD46BDE8904004B0BA
:2009E000704700BF9800002080B582B000AF02F021FB00F057F800F0E7F800F0BBF820488C
:200A0000FFF7ACFF1F48FFF7BDFFFFF7CDFE0346FB71FB79002B0BD0FFF7EEFE0346002BD6
:200A200003D01948FFF7AEFF02E01848FFF7AAFF1748FFF7A7FF1748FFF7EEFD0346BB714E
:200A4000BB79002B14D01448FFF79CFFBB791946642301220A4803F0B7FD4FF400510F4845
:200A600003F0F1F84FF4FA6002F056FB00BFF4E70B48FFF787FFFFF7A1FD00BFFDE700BF5B
:200A80009C000020F45800080C590008245900084459000800800008585900080008024024
:200AA0007859000880B594B000AF07F1200330220021184604F0B6F907F10C0300221A6003
:200AC0005A609A60DA601A610023BB60274B1B6C264A43F080531364244B1B6C03F08053CD
:200AE000BB60BB6800237B60214B1B68204A43F4404313601E4B1B6803F440437B607B6810
:200B000002233B620123FB6210233B630223BB630023FB6308233B6464237B640223BB6489
:200B20000423FB6407F12003184603F0A7F80346002B01D000F08CF80F23FB6002233B611D
:200B400000237B614FF48053BB610023FB6107F10C030321184603F009FB0346002B01D020
:200B600000F076F800BF5037BD4680BD003802400070004080B500AF114B124A1A60104BF6
:200B80004FF4E1325A600E4B00229A600C4B0022DA600B4B00221A61094B0C225A61084B9A
:200BA00000229A61064B0022DA61054803F0BCFC0346002B01D000F04BF800BF80BD00BF3F
:200BC0009C0000200010014080B588B000AF07F10C0300221A605A609A60DA601A610023BD
:200BE000BB60194B1B6B184A43F004031363164B1B6B03F00403BB60BB6800237B60124B64
:200C00001B6B114A43F0010313630F4B1B6B03F001037B607B6800224FF400510B4802F0B6
:200C2000F9FF4FF40053FB6001233B6102237B610023BB6107F10C031946044802F066FEC3
:200C400000BF2037BD4680BD003802400008024080B400AF72B600BF00BFFDE780B483B0A6
:200C600000AF00237B60104B5B6C0F4A43F4804353640D4B5B6C03F480437B607B680023E1
:200C80003B60094B1B6C084A43F080531364064B1B6C03F080533B603B6800BF0C37BD462E
:200CA0005DF8047B704700BF0038024080B58AB000AF786007F1140300221A605A609A601B
:200CC000DA601A617B681B68194A93422CD100233B61184B5B6C174A43F010035364154B1D
:200CE0005B6C03F010033B613B690023FB60114B1B6B104A43F0010313630E4B1B6B03F0AE
:200D00000103FB60FB684FF4C0637B610223BB610023FB6103233B6207237B6207F1140336
:200D20001946054802F0F2FD00BF2837BD4680BD00100140003802400000024080B400AFD8
:200D400000BFFDE780B400AF00BFFDE780B400AF00BFFDE780B400AF00BFFDE780B400AF7B
:200D600000BFFDE780B400AF00BFBD465DF8047B704780B400AF00BFBD465DF8047B704770
:200D800080B400AF00BFBD465DF8047B704780B500AF02F0A1F900BF80BD000080B586B04C
:200DA00000AF7860144A154BD31A7B617B693B61134B1B68002B02D1114B124A1A60104B39
:200DC0001A687B6813443A699A4207D204F032F803460C221A604FF0FF3309E0084B1B68C0
:200DE000FB60074B1A687B681344054A1360FB6818461837BD4680BD005000200004000004
:200E0000E40000203802002080B400AF064BD3F88830054A43F47003C2F8883000BFBD4690
:200E20005DF8047B704700BF00ED00E0B0B586B000AFF860B9601346FB8000237B6102F01B
:200E4000C7FA1BE07B699B00BA6813441B6800221C46154622462B46F968022002F066FACE
:200E60000346002B06D1FB680433FB607B6901337B6103E002F0DEFA034606E0FB887A69FC
:200E80009A42DFDB02F0C6FA002318461837BD46B0BD80B58AB000AF7860396007F1100330
:200EA00000221A605A609A60DA601A617B68BB613B68FB6102233B6202F08AFA07F10C02F1
:200EC00007F110031146184602F000FC0346002B03D002F0AFFA034600E000237B6202F067
:200EE00099FA7B6A18462837BD4680BD80B485B000AF78600B46FB700023FB730AE097F9C6
:200F00000F309B007A68134400221A60FB7B0133DBB2FB7397F90F2097F903309A42EEDB56
:200F200000BF00BF1437BD465DF8047B704780B485B000AF78600B46FB700023FB6000230D
:200F4000FB720CE097F90B309B007A6813441B68FA681343FB60FB7A0133DBB2FB7297F9D0
:200F60000B2097F903309A42ECDBFB68002B0CBF01230023DBB218461437BD465DF8047B33
:200F8000704780B483B000AF78600B467B80B7F902305B111BB29B007A6813441A687B88EC
:200FA00003F01F03012101FA03F3134018460C37BD465DF8047B704780B485B000AF786097
:200FC0000B46FB70FB78013BDBB2FB7303E0FB7B013BDBB2FB7397F90F30002B07DB97F9AF
:200FE0000F309B007A6813441B68002BEFD0FB7B0133DBB25BB218461437BD465DF8047BAD
:20100000704780B586B000AF78600B46FB7097F9033019467868FFF7CFFF0346FB7397F95E
:201020000F30002B01D1002321E097F90F3003F18043013B9B007A6813441B683B61002378
:201040007B6105E03B695B083B617B6901337B613B69002BF6D197F90F309BB2013B9BB2FD
:201060005B019AB27B699BB213449BB21BB218461837BD4680BD80B487B000AFF860B960AE
:201080001346FB710023FB750FE097F917309B00BA681A4497F917309B00F9680B4412687B
:2010A0001A60FB7D0133DBB2FB7597F9172097F907309A42E9DB00BF00BF1C37BD465DF8B6
:2010C000047B704780B487B000AFF860B9601346FB71FB79013BDBB2FB7524E097F9173002
:2010E0009B00FA6813441A6897F917309B00B9680B441B689A4201D9012319E097F917300B
:201100009B00FA6813441A6897F917309B00B9680B441B689A4202D24FF0FF3308E0FB7D13
:20112000013BDBB2FB7597F91730002BD6DA002318461C37BD465DF8047B704780B487B0F7
:2011400000AFF860B9601346FB7100237B61FB79013BDBB2FB7413E097F913309B00FA683C
:2011600013441A6897F913309B00B9680B441B6853407A6913437B61FB7C013BDBB2FB74DE
:2011800097F91330002BE7DA7B69002B14BF01230023DBB218461C37BD465DF8047B70479B
:2011A00080B485B000AFF860B9607A60FB687A6803FB02F27B68002B0CBF01230023DBB2E8
:2011C0001946BB6801FB03F3134318461437BD465DF8047B704780B588B000AFF860B96081
:2011E0007A60FB700023FB610023FB7639E097F91B309B00BA6813441A6897F91B309B0097
:2012000079680B441B68D21AFB69D31A7B6197F91B309B00BA6813441B687A699A428CBF86
:2012200001230023DBB23B6197F91B309B00BA6813441B687A699A4214BF01230023DBB266
:201240001A46F9693869FFF7ABFFF86197F91B309B00FA6813447A691A60FB7E0133DBB26C
:20126000FB7697F91B2097F903309A42BFDBFB6918462037BD4680BD80B588B000AFF8602C
:20128000B9607A60FB700023FB610023FB7639E097F91B309B00BA6813441A6897F91B3078
:2012A0009B0079680B441B681344FA6913447B6197F91B309B00BA6813441B687A699A42C2
:2012C00034BF01230023DBB23B6197F91B309B00BA6813441B687A699A4214BF0123002360
:2012E000DBB21A46F9693869FFF75AFFF86197F91B309B00FA6813447A691A60FB7E01331D
:20130000DBB2FB7697F91B2097F903309A42BFDBFB6918462037BD4680BD80B487B000AF58
:2013200078600B46FB707B683B6100237B6197F903309B007A6813447B600BE07B681B68D8
:20134000FB60FB685A087B691A437B681A60FB68DB077B617B681A1F7A603A699A42EDD379
:2013600000BF00BF1C37BD465DF8047B70472DE9B00F91B000AFF862B9627A623B62FB6AF6
:20138000002298469146BB6A00229A4693460AFB09F208FB0BF31344A8FB0A452B441D465A
:2013A000C7E90E45C7E90E453B6A1B680022BB61FA614FF000024FF00003B9690B00002294
:2013C000796A0968002039617861D7E9044521461143B96029461943F960D7E90234C7E97F
:2013E0000C34D7E90C01D7E90E2384183C6041EB03037B60D7E90034C7E90C343B6E1C6899
:20140000D7E90C01D7E90E23904271EB030334BF01230023DBB2E2183B6E1A60D7E90C0129
:201420004FF000024FF000030A0000233B6A1A603A6B7B6A1A6000BF4437BD46BDE8B00F38
:20144000704790B58BB002AFF860B9607A60FB700023BB6100237B6100233B610023BB779C
:2014600036E00023FB771CE097F91F309B00BA681344186897F91E2097F91F30D31A9B001D
:201480007A681344196807F1140407F1180207F1100300932346FFF76AFFFB7F0133DBB2CF
:2014A000FB7797F91F2097F91E309A42DCDD97F91E309B00FA681344BA691A607B69BB61A9
:2014C0003B697B6100233B61BB7F0133DBB2BB7797F91E2097F903309A42C2DBFB78BB77F1
:2014E0003BE0BA7FFB78D31ADBB20133DBB2FB771CE097F91F309B00BA681344186897F979
:201500001E2097F91F30D31A9B007A681344196807F1140407F1180207F110030093234643
:20152000FFF725FFFB7F0133DBB2FB7797F91F2097F903309A42DCDB97F91E309B00FA68E4
:201540001344BA691A607B69BB613B697B6100233B61BB7F0133DBB2BB7797F91E2097F9CD
:2015600003305B00013B9A42BBDB97F90330DB00043BFA681344BA691A6000BF2437BD46DF
:2015800090BD80B586B000AFF860B9607A603B6097F920307A68B968F868FFF76DFE786181
:2015A0007B69002B09D197F920301A46F9683868FFF788FD0346012B06D097F920303A68B9
:2015C000F968F868FFF707FE00BF1837BD4680BD80B586B000AFF860B9607A603B6097F971
:2015E00020307A68B968F868FFF7F5FD78617B69002B06D097F920303A68F968F868FFF759
:201600003BFE00BF1837BD4680BD90B5ADB000AFF860B9607A60FB7007F118033B61BB686A
:201620007B6197F903309BB29B019CB297F9033019467868FFF7E5FC03469BB2E31A9BB21B
:20164000A7F8AA30B7F9AA30002B00DA1F335B111BB287F89E30B7F9AA305A4203F01F036F
:2016600002F01F0258BF53421BB287F89D300023C7F8A43097F99E2007F158031146184686
:20168000FFF734FC97F99D30002B34DD0023C7F8AC3029E0D7F8AC309B007A6813441A68C3
:2016A00097F99D3002FA03F197F99E20D7F8AC301344D7F8A4200A439B00B0333B4443F875
:2016C000582CD7F8AC309B007A6813441A6897F99D30C3F1200322FA03F3C7F8A430D7F8DD
:2016E000AC300133C7F8AC3097F90330D7F8AC209A42CFD30BE097F99E309B0007F158022D
:20170000134497F9032079681846FFF7B4FC0123C7F8AC309FE00023C7F8A030002387F848
:201720009F3053E0D7F8AC309B00B0333B4453F8A02C97F99F309B0013441A6897F99F30B6
:201740009B00B0333B4453F8583CD21AD7F8A030D31AC7F89830D7F8AC309B00B0333B4406
:2017600053F8A02C97F99F309B0013441B68D7F898209A4214D0D7F8AC309B00B0333B448F
:2017800053F8A02C97F99F309B0013441B68D7F898209A428CBF01230023DBB2C7F8A0304D
:2017A000D7F8AC30C3F101039B00B0333B4453F8A02C97F99F309B001344D7F898201A6060
:2017C00097F89F300133DBB287F89F3097F99F2097F903305B009A42A4DBD7F8AC20D7F86A
:2017E000A0309A420CBF01230023DBB2C7F8AC3097F9032007F1580311461846FFF78DFDC8
:2018000097F90330013B9B00B0333B4453F8581C97F903309B00B0333B4453F8583CDA078D
:2018200097F90330013B0A439B00B0333B4443F8582C97F903309B0007F15802134497F909
:20184000032011461846FFF768FDB7F8AA30013B9BB2A7F8AA30B7F9AA30002BBFF65BAF56
:20186000D7F8AC309B00B0333B4453F8A03C97F903201946F868FFF7FEFB00BFB437BD468B
:2018800090BD80B594B000AFF860B9607A603B6097F9583007F110007A68B968FFF7D1FD06
:2018A00097F9583007F110013A68F868FFF7ADFE00BF5037BD4680BD80B594B000AFF8605E
:2018C000B9607A603B603B6893F9003007F110007A68B968FFF7B5FD3B68D3F8AC3007F126
:2018E00010021146F868984700BF5037BD4680BD80B584B000AFF860B9607A607B68BA6852
:20190000B968F868FFF7D8FF00BF1037BD4680BD80B586B000AFF860B9601346FB710023C0
:201920007B61FB681B6803F00103002B07D097F90730BA68F968F868FFF79EFC786197F949
:2019400007301946F868FFF7E8FC7B69002B13D097F9073003F18043013B9B00FA681344B7
:201960001A6897F9073003F18043013B9B00F9680B4442F000421A6000BF1837BD4680BDA4
:2019800080B5A6B000AFF860B9607A60FB7097F903301946B868FFF7CAFA0346002B06D011
:2019A00097F903301946F868FFF7A0FADEE097F9032007F17403B9681846FFF75CFB97F9D9
:2019C000032007F1540379681846FFF754FB97F9032007F1340311461846FFF787FA0123DF
:2019E0007B6397F9032007F1140311461846FFF77DFAA2E07B6F03F00103002B10D197F926
:201A0000032007F1740311461846FFF786FC97F9032007F1340379681846FFF779FF8CE00C
:201A20007B6D03F00103002B10D197F9032007F1540311461846FFF770FC97F9032007F1F7
:201A4000140379681846FFF763FF76E097F99730002B39DD97F9033007F1540207F174016C
:201A600007F17400FFF7B7FB97F9032007F1740311461846FFF751FC97F9032007F1140178
:201A800007F134031846FFF71DFB0346002B08DA97F9033007F1340107F134007A68FFF761
:201AA000EBFB97F9033007F1140207F1340107F13400FFF790FB97F9032007F134037968D2
:201AC0001846FFF725FF38E097F9033007F1740207F1540107F15400FFF77DFB97F903208B
:201AE00007F1540311461846FFF717FC97F9032007F1340107F114031846FFF7E3FA034670
:201B0000002B08DA97F9033007F1140107F114007A68FFF7B1FB97F9033007F1340207F16F
:201B2000140107F11400FFF756FB97F9032007F1140379681846FFF7EBFE97F9032007F1B2
:201B4000540107F174031846FFF7BCFA034687F8973097F99730002B7FF44CAF97F9032085
:201B600007F134031946F868FFF785FA9837BD4680BD80B598B002AFF860B9607A603B60DF
:201B80003B681B7887F8573097F9573019467868FFF7CDF90346002B40F0E68007F13003C2
:201BA0003A68B9681846FFF7A3FE07F1300207F110003B68F968FFF77FFE07F1300107F1A3
:201BC00030033A681846FFF793FE3B687A68B968B868FFF771FE3A6879687868FFF788FE41
:201BE0003B681A1D97F95730009313467A68F968F868FFF7C6FC3B681A1D97F95730009329
:201C000013467A6879687868FFF7BBFC3B681A1D97F95730009313467A68F9687868FFF725
:201C2000D7FC3B687A68F968F868FFF745FE3B681A1D97F9573000931346FA68F9687868D2
:201C4000FFF79FFC3B681A1D97F95730009313467A68F968F868FFF794FC0021F868FFF776
:201C600090F90346002B24D03B681A1D97F95730F968F868FFF700FB386597F957301946BD
:201C8000F868FFF74AFB97F9573003F18043013B9B00FA68134419683B6DDA0797F957302A
:201CA00003F18043013B9B00F86803440A431A6005E097F957301946F868FFF72EFB3A68AC
:201CC000F9687868FFF714FE3B68191D07F1100297F9573000930B4679687868FFF778FCB2
:201CE0003B68191D07F1100297F9573000930B4679687868FFF76CFC3B681A1D07F1100104
:201D000007F1100097F95730009313467A68FFF75FFC07F110023B68F968F868FFF7CCFD58
:201D20003B68191D07F1300207F1300097F9573000930B46F968FFF74BFC97F957301A4668
:201D40007968F868FFF797F997F957301A46B9687868FFF790F997F9572007F13003194634
:201D6000B868FFF788F900E000BF5837BD4680BD80B590B002AFF860B9607A6007F11403DE
:201D800020220021184603F04DF803237B617B681B7887F837307A68B968F868FFF7A8FDEE
:201DA0007B68191D07F1140297F9373000930B46F968F868FFF70CFC7B68BA68F968F8689C
:201DC000FFF77AFD7B6803F184027B68191D97F9373000930B46F968F868FFF7D2FB00BF02
:201DE0003837BD4680BD000080B400AF024B1846BD465DF8047B70470C5A000880B58CB039
:201E000000AF78603960082239687868FFF733F900237B617B693B613B69FB603B68DB6A6F
:201E2000BB613B681B6BFB613B685B6B3B623B689B6B7B623B68DB6BBB6207F10C0207F171
:201E40000C0107F10C000823FFF716FA0346FB6207F10C02082379687868FFF70DFA024663
:201E6000FB6A1344FB623B681B6BBB613B685B6BFB613B689B6B3B623B68DB6B7B62002310
:201E8000BB6207F10C0207F10C0107F10C000823FFF7F2F90246FB6A1344FB6207F10C02A3
:201EA000082379687868FFF7E7F90246FB6A1344FB623B681B6AFB603B685B6A3B613B68D5
:201EC0009B6A7B6100233B623B6AFB61FB69BB613B689B6B7B623B68DB6BBB6207F10C024E
:201EE000082379687868FFF7C7F90246FB6A1344FB623B685B6AFB603B689B6A3B613B6835
:201F0000DB6A7B613B685B6BBB613B689B6BFB613B68DB6B3B623B685B6B7B623B681B6A22
:201F2000BB6207F10C02082379687868FFF7A4F90246FB6A1344FB623B68DB6AFB603B68B8
:201F40001B6B3B613B685B6B7B6100233B623B6AFB61FB69BB613B681B6A7B623B689B6A2C
:201F6000BB6207F10C02082379687868FFF733F90246FB6A9B1AFB623B681B6BFB603B684A
:201F80005B6B3B613B689B6B7B613B68DB6BBB6100233B623B6AFB613B685B6A7B623B68AC
:201FA000DB6ABB6207F10C02082379687868FFF712F90246FB6A9B1AFB623B685B6BFB6049
:201FC0003B689B6B3B613B68DB6B7B613B681B6ABB613B685B6AFB613B689B6A3B62002387
:201FE0007B623B681B6BBB6207F10C02082379687868FFF7F0F80246FB6A9B1AFB623B688C
:202000009B6BFB603B68DB6B3B6100237B613B685B6ABB613B689B6AFB613B68DB6A3B62CE
:2020200000237B623B685B6BBB6207F10C02082379687868FFF7CFF80246FB6A9B1AFB62AC
:20204000FB6A002B17DA0823124A79687868FFF713F90246FB6A1344FB62FB6A002BF2DBF7
:2020600014E008230B4A79687868FFF7B4F80246FB6A9B1AFB62FB6A002BF2D1082279686C
:202080000448FFF71FF80346012BEAD100BF3037BD4680BD105A000880B58CB000AFF86067
:2020A000B9607A603B6007F110033A6879681846FFF71EFC07F110023B68F968F868FFF732
:2020C000FBFB07F1100107F110003B687A68FFF7F3FB07F110023B68B968B868FFF7ECFBC5
:2020E00000BF3037BD4680BD80B590B002AFF860B9607A603B603B6C1B7887F837303B6CA7
:202100001A1D07F1140097F9373000931346FA687968FFF75DFA07F1140107F114033A6C47
:202120001846FFF7E5FB07F114023B6CF968F868FFF7C2FB07F114023B6C79687868FFF7D6
:20214000BBFB3B6C1A1D97F9373000931346BA6839683868FFF73CFA07F114033A6C396823
:202160001846FFF7C5FB3B6C1A1D07F1140107F1140097F9373000931346FA68FFF728FAF7
:202180003B6C1A1D07F1140107F1140097F93730009313467A68FFF71BFA3B6C1A1D97F90A
:2021A000373000931346FA6879687868FFF710FA3B6C7A68B968B868FFF77EFB3B6C191D93
:2021C00007F1140297F9373000930B46F9687868FFF7FEF93B6C7A6839683868FFF76CFBC1
:2021E0003B6C1A1D97F9373000931346BA6839683868FFF7EDF997F9372007F1140319468A
:202200007868FEF738FF00BF3837BD4680BD80B586B000AFF860B9607A607B680333002B9B
:2022200000DA03339B105BB21946F868FEF75EFE0023FB7521E07B685A1E97F91730D31A13
:202240003B613B6923F00303FA681344196897F91730BA6813441B781A463B6903F003030B
:20226000DB009A403B6923F00303F86803440A431A60FB7D0133DBB2FB7597F917307A681C
:202280009A42D8DC00BF00BF1837BD4680BD80B58AB000AFF860B9607A603B603B68B3F94E
:2022A00002300733002B00DA0733DB10FB613B68B3F902301F33002B00DA1F335B11BB617A
:2022C0007A68FB699A4201D9FB697B60BB695BB21946F868FEF70AFE7B681A46B968F86812
:2022E000FFF795FF7B68DB003A68B2F9022093423AD97B68DB003A68B2F902209B1A7B6181
:2023000000237B62BB699B00FA6813443B6210E03B6A1B683B613A697B69DA407B6A1A4311
:202320003B6A1A607B69C3F120033A6902FA03F37B623B6A1A1F3A62FA689A42E8D33B683B
:202340002433BA6952B2F9681846FEF7BBFE0346012B0AD03B6803F12402BB695BB2F968F4
:20236000F868FEF738FF00E000BF2837BD4680BD80B483B000AF03460A46FB801346BB80D5
:20238000B7F90420B7F906309342B8BF13461BB218460C37BD465DF8047B704790B5FFB0EE
:2023A00002AF07F5F874A4F5F274206007F5F870A0F5F470016007F5F871A1F5F6710A60FB
:2023C00007F5F872A2F5F8721360D7F800321B7887F8ED31D7F80032B3F902301F33002B96
:2023E00000DA1F335B1187F8EC3197F9EC31013B9B0003F5F8733B44002243F8D02C97F95A
:20240000EC315A1E07F5F873A3F5E073002143F8221097F9EC315A1E07F5F873A3F5F073C0
:20242000002143F82210D7F8003293F901301A4607F5F873A3F5F27307F150001968FFF7CD
:20244000E6FE97F9ED319B0007F15002D018D7F8003293F901301A4607F5F873A3F5F2739B
:202460001B689918D7F8003293F901301A46FFF7CEFED7F8003293F901301A4607F5F873C3
:20248000A3F5F87307F130001968FFF7C0FED7F8003293F901301A4607F5F873A3F5F87354
:2024A0001B689918D7F8003293F901301A4607F110031846FFF7ABFE97F9ED2107F13003F9
:2024C00011461846FEF733FD0346002B0AD197F9ED2107F1100311461846FEF728FD034612
:2024E000002B01D0002325E2D7F80032243397F9EC2107F130011846FEF7E4FD0346012BEF
:202500000CD1D7F80032243397F9EC2107F110011846FEF7D7FD0346012B01D0002309E265
:20252000D7F8003203F1240297F9EC3107F1100107F5C070FFF724FA97F9EC31013B9B0006
:2025400003F5F8733B44002243F8302C07F5F873A3F5F67207F5F873A3F5F47107F5E070C9
:20256000D7F8003212680968FFF791FED7F8003203F1240407F5C07207F5E07107F5E07006
:2025800097F9EC3100932346FFF77BF9D7F8003203F1240407F5C07207F1300107F5D07078
:2025A00097F9EC3100932346FFF76BF997F9ED2107F1500107F5A0731846FEF75CFD97F9E6
:2025C000ED319B0007F5A072D01897F9ED319B0007F15002134497F9ED211946FEF74BFD28
:2025E000D7F8003203F1440197F9ED2107F1E0031846FEF740FDD7F8003203F1440297F9CD
:20260000ED319B00D11897F9ED2107F1C0031846FEF731FDD7F800321C1D07F1E00207F52E
:20262000A07107F5C07097F9ED3100932346FEF7CFFF97F9ED319B0007F5A072D41807F5B1
:20264000A07207F1C00107F1E000D7F8003200932346FFF749FDD7F800321A1D97F9ED31B8
:2026600007F5C07107F5C070FFF78AF997F9ED319B0007F5A072D11807F5C07207F5A0700E
:20268000D7F80032FFF708FD07F5F873A3F5B07300221A60D7F8003203F1440207F5F873DE
:2026A000A3F5B0735A6007F5F873A3F5B07307F150029A6007F5F873A3F5B07307F5A0720F
:2026C000DA6097F9EC2107F5E07311461846FEF798FC03461C4697F9EC2107F5D0731146B8
:2026E0001846FEF78EFC034619462046FFF740FE0346A7F8EA31B7F8EA31013B9BB21AB299
:2027000007F5E07311461846FEF73BFC0346002B14BF01230023DBB21C46B7F8EA31013B06
:202720009BB21AB207F5D07311461846FEF729FC0346002B01D0022300E0002343EA0402D2
:2027400007F5F873A3F5B07353F82230C7F8E43197F9ED2107F59073D7F8E4111846FEF732
:202760008AFC97F9ED319B00D7F8E421D11897F9ED2107F580731846FEF77DFC97F9ED21D6
:2027800007F5C07311461846FEF7B0FB0123C7F88031B7F8EA31023B9BB2A7F8EE3187E0A8
:2027A000D7F80032D3F8A44007F5C07207F5807107F59070D7F80032A047B7F9EE2107F5AF
:2027C000E07311461846FEF7DCFB0346002B14BF01230023DBB21C46B7F9EE2107F5D073AA
:2027E00011461846FEF7CDFB0346002B01D0022300E000232343C7F8E03107F5F873A3F5C5
:20280000B073D7F8E02153F82230C7F8E431D7F8E431002B46D097F9ED2107F1E003D7F8E7
:20282000E4111846FEF727FC97F9ED319B00D7F8E421D11897F9ED2107F1C0031846FEF77B
:202840001AFC07F5C07207F1C00107F1E000D7F80032FFF721FCD7F800321C1D07F1E0027B
:2028600007F5907107F1A00097F9ED3100932346FEF7AEFE07F5807407F5907207F1C001D1
:2028800007F1E000D7F8003200932346FFF72CFC07F1A00207F5C07107F5C070D7F8003251
:2028A000FFF70AF8B7F8EE31013B9BB2A7F8EE31B7F9EE31002BBFF673AFD7F800321A1D02
:2028C00097F9ED3107F5C07107F5C070FFF758F807F5C07207F5807107F59070D7F8003293
:2028E000FFF7DAFBD7F80032243397F9EC2107F590711846FEF7E6FB0346012B0BD0D7F8C8
:20290000003203F1240297F9EC3107F5907107F59070FEF760FC97F9ED2107F1300107F5B1
:2029200090731846FEF70AFC0346002B0CBF01230023DBB2184607F5FA77BD4690BD80B5D8
:2029400084B000AFF8600B467A60FB72FB7A7A681946F86802F066FA00BF1037BD4680BDF6
:2029600080B582B000AF78607B68002B01D100231DE0702200217868FFF7E1FF7B680E4AC5
:202980001A607B680D4A5A607B680D4A9A607B680C4ADA607B680C4A1A617B680B4A5A617B
:2029A0007B680B4A9A617B680A4ADA61012318460837BD4680BD00BF67E6096A85AE67BB9D
:2029C00072F36E3C3AF54FA57F520E518C68059BABD9831F19CDE05BB0B584B000AFF8601A
:2029E000B9607A60FB68002B02D0BB68002B01D1002330E07B68002B27D101232BE0BA68DA
:202A0000531CBB60FB689B6E581CF96888661178FA6813440A4683F82820FB689B6E3F2BD2
:202A200013D9FA68FB6828331946104600F04EF9FB6800229A66FB68D3E9082312F5007454
:202A400043F10005FB68C3E908457B685A1E7A60002BD4D1012318461037BD46B0BD2DE98D
:202A6000B04384B000AF786039607B68002B02D03B68002B01D10023E1E03B68D3E9082321
:202A80003968896EC90000200C46054612EB040843EB05093B68C3E908893B689B6E591CD2
:202AA0003A6891663A681344802283F828203B689B6E382B17D93B6803F128023B689B6EB3
:202AC000D0183B689B6EC3F140031A460021FFF736FF3A683B6828331946104600F0F6F88C
:202AE0003B6800229A663B6803F128023B689B6ED0183B689B6EC3F138031A460021FFF7AA
:202B00001EFF3B68D3E90823D2B23B6883F867203B68D3E908014FF000024FF00003020AEE
:202B200042EA01620B0AD2B23B6883F866203B68D3E908014FF000024FF00003020C42EAA4
:202B400001420B0CD2B23B6883F865203B68D3E908014FF000024FF00003020E42EA0122AA
:202B60000B0ED2B23B6883F864203B68D3E908014FF000024FF000030A000023D2B23B68D7
:202B800083F863203B68D3E908014FF000024FF000030A0A0023D2B23B6883F862203B684E
:202BA000D3E908014FF000024FF000030A0C0023D2B23B6883F861203B68D3E908014FF0CA
:202BC00000024FF000030A0E0023D2B23B6883F860203A683B6828331946104600F076F8A1
:202BE0000023FB6022E03B68FA6853F82230BB60BB68190E7B685A1C7A60CAB21A70BB68F2
:202C0000190C7B685A1C7A60CAB21A70BB68190A7B685A1C7A60CAB21A707B685A1C7A60A4
:202C2000BA68D2B21A70FB680133FB60FB68072BD9D9702200213868FFF781FE01231846E1
:202C40001037BD46BDE8B08380B483B000AF786039607A683B6862FA03F318460C37BD4650
:202C60005DF8047B704780B485B000AF78600023FB607B681B68591C7A6811601B781B0679
:202C8000FB607B681B68591C7A6811601B781B04FA681343FB607B681B68591C7A681160B8
:202CA0001B781B02FA681343FB607B681B68591C7A6811601B781A46FB681343FB60FB68B9
:202CC00018461437BD465DF8047B704790B5A1B000AF786039607B681B68FB677B685B6899
:202CE000BB677B689B687B677B68DB683B677B681B69FB667B685B69BB667B689B697B66CA
:202D00007B68DB693B660023FB656BE03B461846FFF7A9FFB864FB6D9B0080333B44BA6C29
:202D200043F8782CFB6D9B0080333B4453F8783C3B650621F86EFFF787FF04460B21F86EFB
:202D4000FFF782FF03465C401921F86EFFF77CFF034684EA03023B6E1A44F96EBB6E19405A
:202D6000FB6ED8437B6E03404B401A449B49FB6D51F8233013443A6D13443B650221F86F53
:202D8000FFF762FF04460D21F86FFFF75DFF03465C401621F86FFFF757FF034684EA030220
:202DA000B96F7B6F5940FB6F1940B86F7B6F03404B401344FB647B6E3B66BB6E7B66FB6E13
:202DC000BB663A6F3B6D1344FB667B6F3B67BB6F7B67FB6FBB673A6DFB6C1344FB67FB6D76
:202DE0000133FB65FB6D0F2B90D9B0E0FB6D013303F00F039B0080333B4453F8783CBB6517
:202E00000721B86DFFF720FF04461221B86DFFF71BFF034684EA0302BB6DDB085340BB6524
:202E2000FB6D0E3303F00F039B0080333B4453F8783C7B651121786DFFF706FF04461321A8
:202E4000786DFFF701FF034684EA03027B6D9B0A53407B65FB6D03F00F039B0080333B44A1
:202E600053F8781CBA6D7B6D1A44FB6D093303F00F039B0080333B4453F8783C1344FA6DD3
:202E800002F00F021944930080333B4443F8781C930080333B4453F8783C3B650621F86E4D
:202EA000FFF7D2FE04460B21F86EFFF7CDFE03465C401921F86EFFF7C7FE034684EA0302B3
:202EC0003B6E1A44F96EBB6E1940FB6ED8437B6E03404B401A444149FB6D51F82330134484
:202EE0003A6D13443B650221F86FFFF7ADFE04460D21F86FFFF7A8FE03465C401621F86F0B
:202F0000FFF7A2FE034684EA0302B96F7B6F5940FB6F1940B86F7B6F03404B401344FB645C
:202F20007B6E3B66BB6E7B66FB6EBB663A6F3B6D1344FB667B6F3B67BB6F7B67FB6FBB6746
:202F40003A6DFB6C1344FB67FB6D0133FB65FB6D3F2B7FF64BAF7B681A68FB6F1A447B685D
:202F60001A607B68043319687B680433BA6F0A441A607B68083319687B6808337A6F0A443D
:202F80001A607B680C3319687B680C333A6F0A441A607B68103319687B681033FA6E0A44FE
:202FA0001A607B68143319687B681433BA6E0A441A607B68183319687B6818337A6E0A44BF
:202FC0001A607B681C3319687B681C333A6E0A441A6000BF8437BD4690BD00BFBC5A00087B
:202FE000DFF834D0FDF710FF0C480D490D4A002302E0D458C4500433C4188C42F9D30A4AAC
:203000000A4C002301E013600432A242FBD301F017FFFDF7E9FC70470050002000000020D4
:203020007C000020005C00087C00002034020020FEE7000080B500AF0E4B1B680D4A43F46B
:20304000007313600B4B1B680A4A43F480631360084B1B68074A43F480731360032000F0F9
:2030600031F90F2000F008F8FDF7F8FD0023184680BD00BF003C024080B582B000AF786035
:20308000124B1A68124B1B7819464FF47A73B3FBF1F3B2FBF3F3184600F03BF90346002BB7
:2030A00001D001230EE07B680F2B0AD8002279684FF0FF3000F011F9064A7B6813600023FA
:2030C00000E0012318460837BD4680BD00000020080000200400002080B400AF064B1B78DC
:2030E0001A46064B1B681344044A136000BFBD465DF8047B704700BF08000020E800002048
:2031000080B400AF034B1B681846BD465DF8047B704700BFE800002080B584B000AF786058
:20312000FFF7EEFFB8607B68FB60FB68B3F1FF3F05D00A4B1B781A46FB681344FB6000BF20
:20314000FFF7DEFF0246BB68D31AFA689A42F7D800BF00BF1037BD4680BD00BF080000204B
:2031600080B485B000AF78607B6803F00703FB600C4BDB68BB60BA684FF6FF031340BB6098
:20318000FB681A02BB68134343F0BF6343F40033BB60044ABB68D36000BF1437BD465DF857
:2031A000047B704700ED00E080B400AF044BDB681B0A03F007031846BD465DF8047B704789
:2031C00000ED00E080B483B000AF03463960FB7197F90730002B0ADB3B68DAB20C4997F9D3
:2031E00007301201D2B20B4483F800230AE03B68DAB20849FB7903F00F03043B1201D2B25B
:203200000B441A7600BF0C37BD465DF8047B704700E100E000ED00E080B489B000AFF8603D
:20322000B9607A60FB6803F00703FB61FB69C3F10703042B28BF0423BB61FB690433062B98
:2032400002D9FB69033B00E000237B614FF0FF32BB6902FA03F3DA43BB681A407B699A4034
:203260004FF0FF317B6901FA03F3D9437B680B40134318462437BD465DF8047B7047000023
:2032800080B582B000AF78607B68013BB3F1807F01D301230FE00A4A7B68013B53600F2141
:2032A0004FF0FF30FFF78EFF054B00229A60044B07221A60002318460837BD4680BD00BF00
:2032C00010E000E080B582B000AF78607868FFF747FF00BF0837BD4680BD80B586B000AFBC
:2032E0000346B9607A60FB7300237B61FFF75CFF78617A68B9687869FFF78EFF024697F9BC
:203300000F3011461846FFF75DFF00BF1837BD4680BD80B582B000AF78607868FFF7B0FFA6
:20332000034618460837BD4680BD000080B586B000AFF860B960C7E90023234B1B7E012BD6
:2033400001D102233BE0204B01221A764CF2503000F07CF80346FB75FB7D002B2BD1FB6860
:20336000002B05D13B781946B86800F027F916E0FB68012B05D13B881946B86800F0FAF88B
:203380000DE0FB68022B05D13B681946B86800F0CFF804E0D7E90023B86800F097F84CF25D
:2033A000503000F053F80346FB75084B1B69074A23F001031361044B00221A76FB7D18460F
:2033C0001837BD4680BD00BF0C000020003C024080B483B000AF0023FB710B4B1B69002B4B
:2033E0000BDA094B094A5A60074B094A5A60064B1B69002B01DA0123FB71FB7918460C37A8
:20340000BD465DF8047B7047003C024023016745AB89EFCD80B400AF054B1B69044A43F0A8
:203420000043136100231846BD465DF8047B7047003C024080B400AF034BDB691846BD4672
:203440005DF8047B704700BF0C00002080B584B000AF78600023FB601A4B0022DA61FFF7D0
:203460004FFEF86010E07B68B3F1FF3F0CD07B68002B07D0FFF744FE0246FB68D31A7A687F
:203480009A4201D2032319E00F4BDB6803F48033002BE8D10C4BDB6803F00103002B02D0A5
:2034A000094B0122DA60084BDB6803F4F973002B03D000F0A5F8012300E00023184610370B
:2034C000BD4680BD0C000020003C024080B485B000AFF860C7E90023144B1B69134A23F468
:2034E00040731361114B1B69104A43F4407313610E4B1B690D4A43F001031361FB683A6829
:203500001A60BFF36F8F00BFD7E900014FF000024FF000030A000023F968043113460B60F7
:2035200000BF1437BD465DF8047B7047003C024080B483B000AF786039600D4B1B690C4ABC
:2035400023F4407313610A4B1B69094A43F400731361074B1B69064A43F0010313617B682F
:203560003A681A6000BF0C37BD465DF8047B7047003C024080B483B000AF78600B467B80E7
:203580000D4B1B690C4A23F4407313610A4B1B69094A43F480731361074B1B69064A43F098
:2035A000010313617B687A881A8000BF0C37BD465DF8047B704700BF003C024080B483B0E0
:2035C00000AF78600B46FB700C4B1B690B4A23F440731361094B094A1B691361074B1B69C5
:2035E000064A43F0010313617B68FA781A7000BF0C37BD465DF8047B704700BF003C024024
:2036000080B400AF2F4BDB6803F01003002B08D02D4BDB6943F010032B4AD361294B1022B0
:20362000DA60284BDB6803F02003002B08D0264BDB6943F00803244AD361224B2022DA6003
:20364000204BDB6803F04003002B08D01E4BDB6943F004031C4AD3611A4B4022DA60194B9D
:20366000DB6803F08003002B08D0174BDB6943F00203154AD361134B8022DA60114BDB6844
:2036800003F48073002B09D00F4BDB6943F001030D4AD3610B4B4FF48072DA60094BDB6880
:2036A00003F00203002B08D0074BDB6943F02003054AD361034B0222DA6000BFBD465DF8DD
:2036C000047B7047003C02400C00002080B584B000AF786039600023BB60314B1B7E012B02
:2036E00001D1022358E02E4B01221A764CF25030FFF7ACFE0346FB73FB7B002B48D13B68FD
:203700004FF0FF321A607B681B68012B15D17B681B69DAB27B685B681946104600F044F8CD
:203720004CF25030FFF792FE0346FB731D4B1B691C4A23F00403136128E07B689B68BB60A5
:203740001CE07B681B69DBB21946B86800F050F84CF25030FFF77AFE0346FB73114B1B69FF
:20376000104A23F0FA031361FB7B002B03D03B68BA681A600AE0BB680133BB607B68DA6837
:203780007B689B681344BA689A42DAD300F078F8034B00221A76FB7B18461037BD4680BD86
:2037A0000C000020003C024080B483B000AF03463960FB710D4B1B690C4A23F4407313618B
:2037C0000A4B1B69094A43F004031361074B1A69FB791B021343054A43F48033136100BFE7
:2037E0000C37BD465DF8047B704700BF003C024080B485B000AF78600B46FB700023FB6091
:20380000FB78002B02D10023FB6010E0FB78012B03D14FF48073FB6009E0FB78022B03D168
:203820004FF40073FB6002E04FF44073FB60134B1B69124A23F440731361104B1A690F4992
:20384000FB6813430B610D4B1B690C4A23F0F80313610A4B1A697B68DB001343074A43F01F
:2038600002031361054B1B69044A43F48033136100BF1437BD465DF8047B7047003C024039
:2038800080B400AF204B1B6803F40073002B17D01D4B1B681C4A23F4007313601A4B1B68A5
:2038A000194A43F400631360174B1B68164A23F400631360144B1B68134A43F4007313600A
:2038C000114B1B6803F48063002B17D00E4B1B680D4A23F4806313600B4B1B680A4A43F419
:2038E00080531360084B1B68074A23F480531360054B1B68044A43F48063136000BFBD468E
:203900005DF8047B704700BF003C024080B489B000AF7860396000237B6100233B61002371
:20392000BB610023FB6159E10122FB6902FA03F37B613B681B687A6913403B613A697B69DE
:203940009A4240F048813B685B6803F00303012B05D03B685B6803F00303022B30D17B68C2
:203960009B68BB61FB695B00032202FA03F3DB43BA691340BB613B68DA68FB695B0002FA02
:2039800003F3BA691343BB617B68BA699A607B685B68BB610122FB6902FA03F3DB43BA6920
:2039A0001340BB613B685B681B0903F00102FB6902FA03F3BA691343BB617B68BA695A606D
:2039C0003B685B6803F00303032B17D07B68DB68BB61FB695B00032202FA03F3DB43BA691A
:2039E0001340BB613B689A68FB695B0002FA03F3BA691343BB617B68BA69DA603B685B68C7
:203A000003F00303022B23D1FB69DA087B68083253F82230BB61FB6903F007039B000F2243
:203A200002FA03F3DB43BA691340BB613B681A69FB6903F007039B0002FA03F3BA69134357
:203A4000BB61FB69DA087B680832B96943F822107B681B68BB61FB695B00032202FA03F300
:203A6000DB43BA691340BB613B685B6803F00302FB695B0002FA03F3BA691343BB617B680F
:203A8000BA691A603B685B6803F44033002B00F0A2800023FB60574B5B6C564A43F48043FB
:203AA0005364544B5B6C03F48043FB60FB68524AFB699B08023352F82330BB61FB6903F089
:203AC00003039B000F2202FA03F3DB43BA691340BB617B68494A934219D07B68484A9342F4
:203AE00013D07B68474A93420DD07B68464A934207D07B68454A934201D1042308E007234C
:203B000006E0032304E0022302E0012300E00023FA6902F0030292009340BA691343BB6133
:203B20003549FB699B080233BA6941F82320384B9B68BB613B69DB43BA691340BB613B6893
:203B40005B6803F48013002B03D0BA693B691343BB612F4ABB6993602D4BDB68BB613B69D6
:203B6000DB43BA691340BB613B685B6803F40013002B03D0BA693B691343BB61244ABB695C
:203B8000D360234B5B68BB613B69DB43BA691340BB613B685B6803F40033002B03D0BA69A0
:203BA0003B691343BB611A4ABB695360184B1B68BB613B69DB43BA691340BB613B685B68F8
:203BC00003F48033002B03D0BA693B691343BB610F4ABB691360FB690133FB61FB690F2B82
:203BE0007FF6A2AE00BF00BF2437BD465DF8047B704700BF003802400038014000000240A5
:203C00000004024000080240000C024000100240003C014080B483B000AF78600B467B80BD
:203C200013467B707B78002B03D07A887B689A6103E07B881A047B689A6100BF0C37BD4688
:203C40005DF8047B704780B485B000AF78600B467B807B685B69FB607A88FB6813401A04C5
:203C6000FB68D9437B880B401A437B689A6100BF1437BD465DF8047B7047000080B586B039
:203C800000AF78607B68002B01D1012367E27B681B6803F00103002B75D0884B9B6803F0BA
:203CA0000C03042B0CD0854B9B6803F00C03082B12D1824B5B6803F48003B3F5800F0BD1E2
:203CC0007E4B1B6803F40033002B5BD07B685B68002B57D1012342E27B685B68B3F5803FCA
:203CE00006D1764B1B68754A43F4803313601DE07B685B68B3F5A02F0CD1704B1B686F4A9F
:203D000043F4802313606D4B1B686C4A43F4803313600BE0694B1B68684A23F480331360F7
:203D2000664B1B68654A23F4802313607B685B68002B13D0FFF7E4F9386108E0FFF7E0F99C
:203D400002463B69D31A642B01D9032307E25B4B1B6803F40033002BF0D014E0FFF7D0F921
:203D6000386108E0FFF7CCF902463B69D31A642B01D90323F3E1514B1B6803F40033002B57
:203D8000F0D100E000BF7B681B6803F00203002B63D04A4B9B6803F00C03002B0BD0474BD5
:203DA0009B6803F00C03082B1CD1444B5B6803F48003002B16D1414B1B6803F00203002BCE
:203DC00005D07B68DB68012B01D00123C7E13B4B1B6823F0F8027B681B69DB0037491343F1
:203DE0000B603AE07B68DB68002B20D0344B01221A60FFF785F9386108E0FFF781F9024634
:203E00003B69D31A022B01D90323A8E12B4B1B6803F00203002BF0D0284B1B6823F0F8027C
:203E20007B681B69DB00254913430B6015E0244B00221A60FFF764F9386108E0FFF760F9EE
:203E400002463B69D31A022B01D9032387E11B4B1B6803F00203002BF0D17B681B6803F0CE
:203E60000803002B36D07B685B69002B16D0154B01221A60FFF744F9386108E0FFF740F96E
:203E800002463B69D31A022B01D9032367E10B4B5B6F03F00203002BF0D01BE0094B002260
:203EA0001A60FFF72DF938610EE0FFF729F902463B69D31A022B07D9032350E10038024016
:203EC00000004742800E4742884B5B6F03F00203002BEAD17B681B6803F00403002B00F04C
:203EE00097800023FB75814B1B6C03F08053002B0FD10023BB607D4B1B6C7C4A43F080539B
:203F000013647A4B1B6C03F08053BB60BB680123FB75774B1B6803F48073002B18D1744B44
:203F20001B68734A43F480731360FFF7E9F8386108E0FFF7E5F802463B69D31A022B01D999
:203F400003230CE16A4B1B6803F48073002BF0D07B689B68012B06D1644B1B6F634A43F03F
:203F6000010313671CE07B689B68052B0CD15F4B1B6F5E4A43F0040313675C4B1B6F5B4A6E
:203F800043F0010313670BE0584B1B6F574A23F001031367554B1B6F544A23F004031367CA
:203FA0007B689B68002B15D0FFF7AAF838610AE0FFF7A6F802463B69D31A41F288329342C1
:203FC00001D90323CBE0494B1B6F03F00203002BEED014E0FFF794F838610AE0FFF790F8C0
:203FE00002463B69D31A41F28832934201D90323B5E03E4B1B6F03F00203002BEED1FB7D24
:20400000012B05D1394B1B6C384A23F0805313647B689B69002B00F0A180344B9B6803F01C
:204020000C03082B5CD07B689B69022B41D1314B00221A60FFF764F8386108E0FFF760F8B3
:2040400002463B69D31A022B01D9032387E0274B1B6803F00073002BF0D17B68DA697B68A3
:204060001B6A1A437B685B6A9B011A437B689B6A5B08013B1B041A437B68DB6A1B061B490D
:2040800013434B601B4B01221A60FFF739F8386108E0FFF735F802463B69D31A022B01D971
:2040A00003235CE0114B1B6803F00073002BF0D054E0104B00221A60FFF722F8386108E0B2
:2040C000FFF71EF802463B69D31A022B01D9032345E0064B1B6803F00073002BF0D13DE066
:2040E0007B689B69012B07D1012338E00038024000700040600047421B4B5B68FB607B681F
:204100009B69012B28D0FB6803F480027B68DB699A4221D1FB6803F03F027B681B6A9A42CB
:204120001AD1FA6847F6C07313407A68526A9201934211D1FB6803F440327B689B6A5B0870
:20414000013B1B049A4207D1FB6803F070627B68DB6A1B069A4201D0012300E000231846AD
:204160001837BD4680BD00BF0038024080B584B000AF786039607B68002B01D10123CCE03E
:20418000684B1B6803F007033A689A420CD9654B3A68D2B21A70634B1B6803F007033A6859
:2041A0009A4201D00123B8E07B681B6803F00203002B20D07B681B6803F00403002B05D0BD
:2041C000594B9B68584A43F4E05393607B681B6803F00803002B05D0534B9B68524A43F461
:2041E00060439360504B9B6823F0F0027B689B684D4913438B607B681B6803F00103002B41
:2042000044D07B685B68012B07D1474B1B6803F40033002B19D101237FE07B685B68022B36
:2042200003D07B685B68032B07D13F4B1B6803F00073002B09D101236FE03B4B1B6803F018
:204240000203002B01D1012367E0374B9B6823F003027B685B68344913438B60FEF750FFAC
:20426000F8600AE0FEF74CFF0246FB68D31A41F28832934201D903234FE02B4B9B6803F0C7
:204280000C027B685B689B009A42EBD1254B1B6803F007033A689A420CD2224B3A68D2B258
:2042A0001A70204B1B6803F007033A689A4201D0012332E07B681B6803F00403002B08D0A1
:2042C000194B9B6823F4E0527B68DB68164913438B607B681B6803F00803002B09D0124BA3
:2042E0009B6823F460427B681B69DB000E4913438B6000F021F802460B4B9B681B0903F067
:204300000F030A49CB5C22FA03F3094A1360094B1B681846FEF7B0FE002318461037BD4696
:2043200080BD00BF003C024000380240F459000800000020040000202DE9B04F90B000AFEC
:2043400000237B630023FB6300233B630023BB63584B9B6803F00C03082B0DD0082B00F2FC
:20436000A080002B02D0042B03D09AE0524BBB639AE0524BBB6397E04E4B5B6803F03F03AC
:204380007B634C4B5B6803F48003002B27D0494B5B689B0900223B627A623B6AC3F3080050
:2043A0000021464B03FB01F2002300FB03F31344424AA0FB0221F962BA62FA6A1344FB6216
:2043C0007B6B0022BB61FA61D7E90623D7E90A01FBF75EFF02460B461346FB6353E0354B58
:2043E0005B689B0900223B617A613B69C3F3080A4FF0000B52465B464FF000004FF000014F
:20440000590141EAD261500102460B46B2EB0A0863EB0B094FF000024FF000034FEA891391
:2044200043EA98634FEA8812B2EB080463EB09054FF000024FF00003EB0043EA5473E20038
:2044400014461D4614EB0A033B6045EB0B037B604FF000024FF00003D7E9004529468B025B
:20446000214643EA915321468A02104619467B6B0022BB60FA60D7E90223FBF709FF024678
:204480000B461346FB630B4B5B681B0C03F0030301335B003B63FA6B3B6BB2FBF3F3BB63F2
:2044A00002E0054BBB6300BFBB6B18464037BD46BDE8B08F003802400024F40040787D0143
:2044C00080B400AF034B1B681846BD465DF8047B704700BF0000002080B500AFFFF7F0FF94
:2044E0000246054B9B689B0A03F007030349CB5C22FA03F3184680BD00380240045A00087F
:2045000080B500AFFFF7DCFF0246054B9B685B0B03F007030349CB5C22FA03F3184680BDC8
:2045200000380240045A000880B582B000AF78607B68002B01D1012342E07B6893F84130A8
:20454000DBB2002B06D17B68002283F840207868FCF7ACFB7B68242283F841207B681B6807
:20456000DA687B681B6822F40052DA60786800F073F97B681B681A697B681B6822F490427E
:204580001A617B681B685A697B681B6822F02A025A617B681B68DA687B681B6842F4005282
:2045A000DA607B6800225A647B68202283F841207B68202283F842207B6800225A63002316
:2045C00018460837BD4680BD80B58AB002AFF860B9603B601346FB8000237B61FB6893F811
:2045E0004130DBB2202B75D1BB68002B02D0FB88002B01D101236EE0FB6800225A64FB6874
:20460000212283F84120FEF77BFD7861FB68FA889A84FB68FA88DA84FB689B68B3F5805F02
:2046200008D1FB681B69002B04D10023FB61BB68BB6103E0BB68FB610023BB612EE03B68AA
:2046400000937B6900228021F86800F048F80346002B05D0FB68202283F8412003233AE086
:20466000FB69002B0BD1BB691B881A46FB681B68C2F308025A60BB690233BB6107E0FB6989
:204680001A78FB681B685A60FB690133FB61FB68DB8C9BB2013B9AB2FB68DA84FB68DB8CCA
:2046A0009BB2002BCBD13B6800937B6900224021F86800F014F80346002B05D0FB682022FF
:2046C00083F84120032306E0FB68202283F84120002300E0022318462037BD4680BD80B51F
:2046E00086B000AFF860B9603B601346FB713BE03B6AB3F1FF3F37D0FEF702FD02463B687C
:20470000D31A3A6A9A4202D33B6A002B01D103233AE0FB681B68DB6803F00403002B23D034
:20472000BB68802B20D0BB68402B1DD0FB681B681B6803F00803082B16D100237B61FB685D
:204740001B681B687B61FB681B685B687B617B69F86800F01DF8FB6808225A64FB680022D9
:2047600083F8402001230FE0FB681B681A68BB681340BA689A420CBF01230023DBB21A4670
:20478000FB799A42B4D0002318461837BD4680BD80B495B000AF78607B681B680C337B63B2
:2047A0007B6B53E8003F3B633B6B23F49073FB647B681B680C33FA6C3A64FB63F96B3A6CCB
:2047C00041E80023BB63BB6B002BE5D17B681B6814333B623B6A53E8003FFB61FB6923F02C
:2047E0000103BB647B681B681433BA6CFA62BB62B96AFA6A41E800237B627B6A002BE5D1D4
:204800007B681B6B012B19D17B681B680C33FB60FB6853E8003FBB60BB6823F010037B64F9
:204820007B681B680C337A6CBA617B617969BA6941E800233B613B69002BE5D17B6820225F
:2048400083F842207B6800221A6300BF5437BD465DF8047B704700002DE9B04FC0B000AFED
:20486000C7F8F400D7F8F4301B681B6923F44050D7F8F430D968D7F8F4301A6840EA01030D
:204880001361D7F8F4309A68D7F8F4301B691A43D7F8F4305B691A43D7F8F430DB6913433A
:2048A000C7F8F830D7F8F4301B68DB6823F4164121F00C01D7F8F4301A68D7F8F8300B4312
:2048C000D360D7F8F4301B685B6923F44070D7F8F4309969D7F8F4301A6840EA0103536158
:2048E000D7F8F4301A688F4B9A4205D0D7F8F4301A688D4B9A4204D1FFF702FEC7F8FC0009
:2049000003E0FFF7E9FDC7F8FC00D7F8F430DB69B3F5004F40F00C81D7F8FC300022C7F856
:20492000E830C7F8EC20D7E93A4522462B469118B9655B41FB65D7E91623214612EB010853
:20494000294643EB01094FF000024FF000034FEAC90343EA58734FEAC8029046994623460F
:2049600018EB0303C7F8E0302B4649EB0303C7F8E430D7F8F4305B680022C7F8D830C7F883
:20498000DC20D7E936120B46DB183B65134642EB03037B65D7E91423D7E93801FBF778FC6D
:2049A00002460B46614BA3FB02235B091C01D7F8FC300022C7F8D030C7F8D420D7E9348962
:2049C00042464B469118B9645B41FB64D7E91223414612EB010A494643EB010B4FF000026F
:2049E0004FF000034FEACB0343EA5A734FEACA0292469B4643461AEB0303C7F8C8304B46DA
:204A00004BEB0303C7F8CC30D7F8F4305B680022C7F8C030C7F8C420D7E930120B46DB182F
:204A20003B64134642EB03037B64D7E91023D7E93201FBF72DFC02460B4611463B4BA3FB57
:204A400001235B09642202FB03F3CB1ADB0003F13202364BA3FB02235B095B0003F4F87308
:204A60001C44D7F8FC300022C7F8B830C7F8BC20D7E92E8942464B469118B9635B41FB6328
:204A8000D7E90E2341465118396349464B417B634FF000024FF00003D7E90CAB5946CB003C
:204AA000514643EA51735146CA0010461946034642469B18C7F8B0304B460A4642EB030321
:204AC000C7F8B430D7F8F4305B680022C7F8A830C7F8AC20D7E92A120B46DB18BB62134683
:204AE00042EB0303FB62D7E90A23D7E92C01FBF7CFFB02460B460D4BA3FB02135B09642103
:204B000001FB03F3D31ADB003233084AA2FB03235B0903F00702D7F8F4301B6822449A602B
:204B200006E100BF00100140001401401F85EB51D7F8FC300022C7F8A030C7F8A420D7E95A
:204B4000288942464B46911839625B417B62D7E9082341465418494643EB01054FF00002EC
:204B60004FF00003EB0043EA5473E20014461D464346E318C7F898304B4645EB0303C7F8E4
:204B80009C30D7F8F4305B680022C7F89030C7F894204FF000024FF00003D7E92445294664
:204BA0008B00214643EA917321468A00D7E92601FBF76EFB02460B46604BA3FB02235B0934
:204BC0001C01D7F8FC300022C7F88830C7F88C20D7E9228942464B469118B9615B41FB617A
:204BE000D7E9062341465118396149464B417B614FF000024FF00003D7E904AB5946CB00EF
:204C0000514643EA51735146CA0010461946034642469B18C7F880304B460A4642EB0303EF
:204C2000C7F88430D7F8F4305B680022BB67FA674FF000024FF00003D7E91E8949468B00A2
:204C4000414643EA917341468A00D7E92001FBF71FFB02460B461146384BA3FB01235B0905
:204C6000642202FB03F3CB1A1B013233334AA2FB03235B0903F0F0031C44D7F8FC3000224E
:204C80003B677A67D7E91C8942464B469118B9605B41FB60D7E9022341465118396049465D
:204CA0004B417B604FF000024FF00003D7E900AB5946CB00514643EA51735146CA001046F6
:204CC0001946034642469B18BB664B460A4642EB0303FB66D7F8F4305B6800223B667A6602
:204CE0004FF000024FF00003D7E9188949468B00414643EA917341468A00D7E91A01FBF720
:204D0000C7FA02460B460D4BA3FB02135B09642101FB03F3D31A1B013233084AA2FB0323D0
:204D20005B0903F00F02D7F8F4301B6822449A6000BF07F58077BD46BDE8B08F1F85EB51BC
:204D40000CB430B5184B0C1E1D689DB008DA8B232B604FF0FF301DB0BDE8304002B070477B
:204D60004FF40273ADF814304FF000031B9314BF04F1FF332346049307934FF6FF730290C5
:204D80000690ADF81630209A21AB02A92846019300F0E2F9431CBCBF8B232B60002CDAD0AB
:204DA000029B00221A70D6E72C00002030B51446002C9BB005461A4605DA8B2303604FF011
:204DC000FF301BB030BD4FF40273ADF80C304FF00003199314BF04F1FF33234602930593D5
:204DE0004FF6FF7300910491ADF80E3069461E9B00F0B2F9431CBCBF8B232B60002CE0D001
:204E0000009B00221A70DCE707B5009313460A46014603480068FFF7C9FF03B000BD00BFA9
:204E20002C00002002440346934200D1704703F8011BF9E7014B1868704700BF2C000020B5
:204E400070B50D4B0D4D5B1B9C100026A64209D100F06EFC0A4D0B4B5B1B9C100026A6423A
:204E600005D170BD55F8043B98470136EEE755F8043B98470136F2E7F85B0008F85B000887
:204E8000F85B0008FC5B0008704770470A44914200F1FF3300D1704710B511F8014B03F809
:204EA000014F9142F9D110BD38B50546002941D051F8043C0C1F002BB8BFE41800F0E0F8AC
:204EC0001D4A136833B9636014602846BDE8384000F0DCB8A34208D9206821188B4201BFAA
:204EE00019685B6809182160EDE71A465B680BB1A342FAD911685018A0420BD120680144F5
:204F0000501883421160E0D118685B68536008441060DAE702D90C232B60D6E720682118BC
:204F20008B4204BF19685B68636004BF091821605460CAE738BD00BF3002002070B50F4E88
:204F40000C463168054611B900F0ACFB30602146284600F0A7FB431C03D14FF0FF342046B8
:204F600070BDC41C24F00304A042F8D0211A284600F098FB0130F2D1EFE700BF2C0200205C
:204F80002DE9F843CD1C25F0030508350C2D38BF0C25002D064601DBA94204D90C2333603D
:204FA0000020BDE8F883DFF8D48000F069F8D8F800301C4644BB29463046FFF7BFFF431CDC
:204FC000044658D1D8F800402746002F43D1002C4BD023683946304604EB030900F062FB8F
:204FE000814542D121686D1A29463046FFF7A6FF01303AD023682B442360D8F800305A68CE
:2050000062BBC8F800700FE02268521B20D40B2A17D96119A342256018BF5960636808BF3E
:20502000C8F8001062514B60304600F02FF804F10B00231D20F00700C21A1CBF1B1AA3507F
:20504000AFE76268A3420CBFC8F800205A60EBE723466468AEE73C467F68B6E71A465B68E1
:20506000A342FBD100235360DEE70C233360304600F00CF894E70560D6E700BF300200200A
:205080000148FFF701BF00BF280200200148FFF7FCBE00BF280200202DE9F0478E681F465E
:2050A000BE4282460C469046334653D8B1F90C0010F4906F2BD065692368096905EB4505A3
:2050C000A3EB010905EBD5757B1C6D104B44AB422A4684BF1D462A46430527D511465046B7
:2050E000FFF74EFF064658B321694A46FFF7CEFEA38923F4906343F08003A38126616561DD
:205100004E44A5EB09052660A5603E463B461F4620683A46414600F0ABFAA3689B1BA36082
:2051200023683B4423600020BDE8F087504600F0C9FA06460028E1D121695046FFF7B4FE6F
:205140000C23CAF80030A38943F04003A3814FF0FF30E9E73E46DBE72DE9F0471F468B891E
:205160001B069CB006460D46144610D50B6973B94021FFF705FF2860286130B90C2333602D
:205180004FF0FF301CB0BDE8F08740236B610023099320238DF8293003973023654F8DF884
:2051A0002A304FF001082346994613F8012B0AB1252AF9D1B9EB040A0BD0534622462946FD
:2051C0003046FFF769FF013000F0A480099A5244099299F80030002B00F09C8000234FF088
:2051E000FF32CDE9052309F10109049307938DF853301A934C464F4814F8011B0522FAF74D
:20520000F7FF049BD0B9D80644BF20228DF85320190744BF2B228DF8532099F800202A2AE8
:2052200013D0079A4C4600204FF00A0C214611F8013B303B092B49D968B913E0C01B08FA85
:2052400000F018430490A146D4E7039A111D12680391002A01DB079204E0524243F00203A5
:205260000792049323782E2B0AD163782A2B32D1039B1A1D1B68039243EAE37302340593BE
:20528000DFF8C090217803224846FAF7B1FF38B1049BA0EB09004022824013430134049398
:2052A00014F8011B24488DF828100622FAF7A0FF002835D0214818BB039B073323F0070387
:2052C00008330393099B034409936CE70CFB02320C460120AAE700230134059319464FF056
:2052E0000A0C204610F8012B303A092A03D9002BC6D00591C4E70CFB012104460123F0E715
:2053000003AB00932A460E4B04A93046AFF30080421CD7D1AB895B063FF532AF099831E7D5
:2053200003AB00932A46064B04A9304600F07AF8EEE700BFBC5B0008C65B0008000000000A
:2053400099500008C25B00082DE9F047164698468A680B69DDF820909342B8BF134633608D
:2053600091F8432007460C460AB1013333602368990642BF336802333360256815F00605F5
:2053800006D104F1190AE36832689B1AAB4226DC94F843302268003B18BF012392062BD43F
:2053A00004F1430241463846C84701301ED02368226903F00603042B02BFE5683368ED1A8F
:2053C000A3680CBF25EAE57500259342C4BF9B1AED1800261A34B5421AD1002008E00123D5
:2053E000524641463846C847013003D14FF0FF30BDE8F0870135C6E7E1185A1C302081F857
:205400004300224494F8451082F843100233C7E70123224641463846C8470130E6D0013694
:20542000D9E700002DE9F0430D7E85B0782D90460C9E07460C46994601F1430207D8622D5B
:205440000AD8002D00F0D780582D00F0BC8004F1420684F842503BE0A5F16303152BF6D8D5
:2054600001A151F823F000BFC1540008D55400084F5400084F5400084F5400084F54000875
:20548000D55400084F5400084F5400084F5400084F540008DD550008FF5400088F550008AE
:2054A0004F5400084F540008FF5500084F540008FF5400084F5400084F54000897550008EA
:2054C00033681A1D1B68326004F1420684F842300123A1E033682068191D3160060601D549
:2054E0001D6803E04506FBD5B3F90050002D03DA2D236D4284F843305B480A2311E02168EB
:205500003368080653F8045B02D4490648BFADB23360237E54486F2B5CD10823002184F84E
:2055200043106668A660002E05DB21682E4321F00401216050D01646B5FBF3F103FB115C2A
:2055400010F80CC006F801CDAC4663450D46F3D9082B0BD12368DB0708D523696168994269
:20556000DEBF302306F8013C06F1FF36921B2261CDF80090434603AA21463846FFF7E4FE5C
:2055800001304ED14FF0FF3005B0BDE8F083236843F0200323603548782584F84550236866
:2055A000316813F0800F51F8045B03D113F0400F18BFADB23160D90744BF43F0200323606F
:2055C0001DB11023AAE72848E7E7236823F020032360F6E70A23A1E71646B9E73368256801
:2055E0006169181D30602E061B6801D5196002E06806FBD51980002323611646B8E7336820
:205600001A1D32601E68626800213046FAF7F0FD08B1801B606063682361002384F8433087
:20562000A6E72369324641463846C8470130A9D023689B0713D4E068039B9842B8BF184672
:20564000A2E70123324641463846C847013099D00135E36803995B1AAB42F2DCEBE7002533
:2056600004F11906F5E700BFCD5B0008DE5B0008884210B501EB020402D98442234607D8A0
:20568000431EA14207D011F8012B03F8012FF8E70244824200D110BD13F8011D02F8011DC7
:2056A000F7E7000038B5064D0023044608462B60FBF774FB431C02D12B6803B1236038BD34
:2056C000240200202DE9F041074614460D4621B9BDE8F0411146FFF753BC2AB9FFF7E4FB7F
:2056E00025462846BDE8F08100F01AF88442064602D8B4EB500FF4D821463846FFF740FCEC
:20570000804608B94546ECE7B4422246294628BF3246FFF7BBFB29463846FFF7C5FBF1E751
:2057200051F8043C181F002BBCBF0B58C0187047F8B500BFF8BC08BC9E467047F8B500BF26
:20574000F8BC08BC9E4670475B424C5D3A20626C5F76656966795F61707020616464726586
:2057600073733A2025780D0A000000005B424C5D3A20626C5F7665726966795F6170703AF9
:2057800020766572696679206D6167696320636F6E7374616E740D0A000000005B424C5D4C
:2057A0003A20626C5F7665726966795F6170703A207665726966792066772073697A650D59
:2057C0000A0000005B424C5D3A20626C5F7665726966795F6170703A2076657269667920AE
:2057E00043524320636865636B0D0A005B424C5D3A20696D20636865636B696E67206164E5
:2058000064726573732025780D0A0000424F4F54793A206265666F72652065636473610DEC
:205820000A0000005B424C5D3A20626C5F7665726966795F6170703A20766572696679204D
:205840007369676E61747572650D0A005B424C5D3A20626C5F7665726966795F6170703A23
:2058600020616C6C206F6B0D0A00000043757272656E74206170702076657273696F6E2034
:2058800069733A202578000043757272656E74207570646174655F6170705F6865616465B9
:2058A000722076657273696F6E2069733A202578000000005B424C5D3A204661696C656478
:2058C00020766572696679696E672075706461746564206669726D776172652061707020D0
:2058E0007769746820726561736F6E3A2025640A00000000456E746572696E6720626F6FBB
:20590000746C6F616465722E0D0A00005B424C5D3A20537761702073756363657373667528
:205920006C6C0A005B424C5D3A2053776170204E4F542121212120737563636573736675C1
:205940006C6C0A00566572696679696E67206170702E2E0D0A000000424F4F54793A205681
:205960006572696669636174696F6E206661696C65640D0A00000000424F4F54793A2041B6
:2059800070706C69636174696F6E2076616C696461746564207375636365737366756C6C3A
:2059A000792C206A756D70696E6720746F206170700D0A007224DE17D13EE1EEE3953D97F8
:2059C0006F7BFF317616BB8DC1DC7C8B15F438F8BD26BAB022E43107EC33DFA5C14B80350D
:2059E000BF354E823B59729BB6638F0C9F5A6EEA640EFE780000000000000000010203044B
:205A000006070809000000000102030408200001FFFFFFFFFFFFFFFFFFFFFFFF0000000041
:205A2000000000000000000001000000FFFFFFFF512563FCC2CAB9F3849E17A7ADFAE6BC33
:205A4000FFFFFFFFFFFFFFFF00000000FFFFFFFF96C298D84539A1F4A033EB2D817D037714
:205A6000F240A463E5E6BCF847422CE1F2D1176BF551BF376840B6CBCE5E316B5733CE2BE3
:205A8000169E0F7C4AEBE78E9B7F1AFEE242E34F4B60D2273E3CCE3BF6B053CCB0061D6571
:205AA000BC86987655BDEBB3E7933AAAD835C65A731B0008711D0008FD1D0008982F8A427A
:205AC00091443771CFFBC0B5A5DBB5E95BC25639F111F159A4823F92D55E1CAB98AA07D8E2
:205AE000015B8312BE853124C37D0C55745DBE72FEB1DE80A706DC9B74F19BC1C1699BE4E0
:205B00008647BEEFC69DC10FCCA10C246F2CE92DAA84744ADCA9B05CDA88F97652513E98C3
:205B20006DC631A8C82703B0C77F59BFF30BE0C64791A7D55163CA0667292914850AB727A3
:205B400038211B2EFC6D2C4D130D385354730A65BB0A6A762EC9C281852C7292A1E8BFA262
:205B60004B661AA8708B4BC2A3516CC719E892D1240699D685350EF470A06A1016C1A419AC
:205B8000086C371E4C774827B5BCB034B30C1C394AAAD84E4FCA9C5BF36F2E68EE828F740C
:205BA0006F63A5781478C8840802C78CFAFFBE90EB6C50A4F7A3F9BEF27871C6232D302B92
:205BC0002000686C4C0065666745464700303132333435363738394142434445460030317E
:205BE00032333435363738396162636465660000F0A5FF7F01000000C5010008A101000818
:205C00000024F400100000000100000000000000000000000000000000000000010000005A
:205C20000000000000000000000000003000002000000000EC00002054010020BC010020B6
:205C4000000000000000000000000000000000000000000000000000000000000000000044
:1C5C60000000000000000000000000000000000000000000000000000000000028
:2080000000000000E5B1000B06000100D83100001054E7709B45608A501178840B77ECF06F
:2080200017C635416FBC88CE835AB0BFC0B2824B69002BEB0B7B9616FE4E7D1C33CE10C476
:208040004FC8E848D6A0F5917700A78107CF84CCDEFE937400000000000000000000000035
:20806000000000000000000000000000000000000000000000000000000000000000000000
:208080000000000000000000000000000000000000000000000000000000000000000000E0
:2080A0000000000000000000000000000000000000000000000000000000000000000000C0
:2080C0000000000000000000000000000000000000000000000000000000000000000000A0
:2080E000000000000000000000000000000000000000000000000000000000000000000080
:2081000000000000000000000000000000000000000000000000000000000000000000005F
:2081200000000000000000000000000000000000000000000000000000000000000000003F
:2081400000000000000000000000000000000000000000000000000000000000000000001F
:208160000000000000000000000000000000000000000000000000000000000000000000FF
:208180000000000000000000000000000000000000000000000000000000000000000000DF
:2081A0000000000000000000000000000000000000000000000000000000000000000000BF
:2081C00000000000000000000000000000000000000000000000000000000000000000009F
:2081E00000000000000000000000000000000000000000000000000000000000000000007F
:2082000000000220ED8C0008718B0008798B0008818B0008898B0008918B00080000000057
:20822000000000000000000000000000998B0008A78B000800000000B58B0008C38B00083A
:208240003D8D00083D8D00083D8D00083D8D00083D8D00083D8D00083D8D00083D8D00088E
:208260003D8D00083D8D0008CF8B00083D8D00083D8D00083D8D00083D8D00083D8D0008DE
:208280003D8D00083D8D00083D8D0008000000000000000000000000000000003D8D000896
:2082A0003D8D00083D8D00083D8D00083D8D00083D8D00083D8D00083D8D00083D8D00082E
:2082C0003D8D00083D8D00083D8D00083D8D00083D8D0008DD8B00083D8D00080000000042
:2082E0003D8D00083D8D00083D8D0008000000000000000000000000000000003D8D000836
:20830000000000003D8D00083D8D00083D8D000800000000000000000000000000000000E7
:208320003D8D00083D8D00083D8D00083D8D00083D8D000800000000000000000000000023
:208340000000000000000000000000003D8D00083D8D00083D8D00083D8D00083D8D000803
:208360003D8D00083D8D000800000000000000000000000000000000000000000000000059
:20838000000000003D8D000800000000000000003D8D00083D8D000810B5054C237833B9CA
:2083A000044B13B10448AFF300800123237010BD300000200000000024B3000808B5034B7E
:2083C0001BB103490348AFF3008008BD000000003400002024B30008034613F8012B002A76
:2083E000FBD1181A0138704753B94AB9002908BF00281CBF4FF0FF314FF0FF3000F088B97F
:20840000ADF1080C6DE904CE00F006F8DDF804E0DDE9022304B070472DE9F047089D0F463E
:2084200004468C46002B48D18A42164661D9B2FA82F34BB1C3F1200201FA03FC20FA02F27F
:208440009E4042EA0C0C9C404FEA164EB7B2BCFBFEF1220C0EFB11CC42EA0C4201FB07F0F1
:20846000904209D9B21801F1FF3C80F0EE80904240F2EB8002393244121AA4B2B2FBFEF036
:208480000EFB102244EA024400FB07F7A74209D9341900F1FF3280F0DA80A74240F2D780BE
:2084A0003444023840EA0140E41B00211DB1DC400023C5E90043BDE8F0878B4206D90DB1FB
:2084C000C5E9000100210846BDE8F087B3FA83F1002948D1BB4202D3824200F20781841A51
:2084E00067EB030201209446002DE4D0C5E9004CE1E7002A00F09280B2FA82F3002B40F0DF
:20850000A8808A1A4FEA164E1FFA86FC0121200CB2FBFEF70EFB172240EA02420CFB07F0B9
:20852000904207D9B21807F1FF3802D2904200F2E2804746121AA4B2B2FBFEF00EFB1022B1
:2085400044EA02440CFB00FCA44507D9341900F1FF3202D2A44500F2CB801046A4EB0C047D
:2085600040EA0740A2E7C1F120068B4022FA06FC4CEA030C07FA01F420FA06F3F7404FEA82
:208580001C49234300FA01F81FFA8CFEB7FBF9F01C0C09FB107744EA074400FB0EF7A742CA
:2085A00002FA01F20AD91CEB040400F1FF3A80F09B80A74240F2988002386444E41B9FB2C0
:2085C000B4FBF9F309FB134447EA044403FB0EFEA64509D91CEB040403F1FF3780F08280AA
:2085E000A6457FD9023B644443EA0040A4EB0E04A0FB02E7BC427346B94663D360D05DB197
:20860000B8EB030264EB090404FA06F622FA01F31E43CC40C5E9006400214CE762084808BF
:2086200042EAC1710B0C43EA00438AB242EA0342B3FBF6F1E407B4463746B6461F23B0FBC8
:20864000F6F0D21B41EA004161E7614614E7104628E7C3F1200120FA01F29E4027FA01F1B9
:208660009F403A434FEA164E1FFA86FCB1FBFEF70EFB1710110C41EA004107FB0CF8884539
:2086800004FA03F43AD9711807F1FF3001D288451FD8A1EB0801B1FBFEF808FB0CF70EFB45
:2086A000181192B242EA0142BA422FD2B21808F1FF31C6D2BA42C4D2A8F102013244C0E70B
:2086C000F0459CD2BEEB020367EB0C070138B94695E7A6EB08084144B81EB1FBFEF808FB8F
:2086E0000CF7DCE73B467FE7504667E70846FBE63444023832E7023F32441BE7A1EB0801A1
:208700003846B1FBFEF808FB0CF7C8E7414698E7704700BFB0B586B000AFF860B9601346F4
:20872000FB8000237B6100F097FD1BE07B699B00BA6813441B6800221C46154622462B460D
:20874000F968022000F036FD0346002B06D1FB680433FB607B6901337B6103E000F0AEFDC1
:20876000034606E0FB887A699A42DFDB00F096FD002318461837BD46B0BD000080B500AF27
:2087800000F0DEFA00F020F800F0B0F800F084F800F040FA01220849084801F012FE0848C6
:2087A00000F000F94FF40051064801F070F8962000F038FB00BFF5E7940000204C00002001
:2087C0003CB300080008024080B594B000AF07F1200330220021184602F078FD07F10C03D6
:2087E00000221A605A609A60DA601A610023BB60274B1B6C264A43F080531364244B1B6C5A
:2088000003F08053BB60BB6800237B60214B1B68204A43F4404313601E4B1B6803F440436A
:208820007B607B6802233B620123FB6210233B630223BB630023FB6308233B6464237B6472
:208840000223BB640423FB6407F12003184601F051F80346002B01D000F00CF90F23FB60D4
:2088600002233B6100237B614FF48053BB610023FB6107F10C030321184601F0B3FA034617
:20888000002B01D000F0F6F800BF5037BD4680BD003802400070004080B500AF114B124AB2
:2088A0001A60104B4FF4E1325A600E4B00229A600C4B0022DA600B4B00221A61094B0C2236
:2088C0005A61084B00229A61064B0022DA61054801F066FC0346002B01D000F0CBF800BF68
:2088E00080BD00BF4C0000200010014080B588B000AF07F10C0300221A605A609A60DA6012
:208900001A610023BB60244B1B6B234A43F004031363214B1B6B03F00403BB60BB6800233F
:208920007B601D4B1B6B1C4A43F0010313631A4B1B6B03F001037B607B6800224FF4005105
:20894000164800F08BFF4FF40053FB6001233B6102237B610023BB6107F10C0319460F4891
:2089600000F0F8FD1023FB604FF488133B6102237B6107F10C031946094800F0EBFD002258
:2089800000210A2000F04DFB0A2000F066FB00BF2037BD4680BD00BF003802400008024000
:2089A0000000024080B582B000AF78607868FFF713FD03469AB264237968034801F040FC2C
:2089C00000BF0837BD4680BD4C00002080B582B000AF0346FB8000F019FA0246084B1B68F2
:2089E000D31A642B07D900F011FA0346044A13600448FFF7D7FF00BF0837BD4680BD00BF01
:208A00009800002058B3000880B582B000AF78607B681B680A4A93420ED10A4B1B781846E9
:208A200000F00CF901220749074801F094FC01220449054801F0C5FC00BF0837BD4680BD51
:208A400000100140940000204C00002080B582B000AF78600B467B807B681B68044A9342E2
:208A600001D100F017F900BF0837BD4680BD00BF0010014080B400AF72B600BF00BFFDE769
:208A800080B483B000AF00237B60104B5B6C0F4A43F4804353640D4B5B6C03F480437B60E2
:208AA0007B6800233B60094B1B6C084A43F080531364064B1B6C03F080533B603B6800BFD0
:208AC0000C37BD465DF8047B704700BF0038024080B58AB000AF786007F1140300221A60EB
:208AE0005A609A60DA601A617B681B681D4A934234D100233B611C4B5B6C1B4A43F01003CE
:208B00005364194B5B6C03F010033B613B690023FB60154B1B6B144A43F001031363124B61
:208B20001B6B03F00103FB60FB684FF4C0637B610223BB610023FB6103233B6207237B622E
:208B400007F114031946094800F004FD00220021252000F066FA252000F07FFA00BF2837C1
:208B6000BD4680BD00100140003802400000024080B400AF00BFFDE780B400AF00BFFDE79C
:208B800080B400AF00BFFDE780B400AF00BFFDE780B400AF00BFFDE780B400AF00BFBD469E
:208BA0005DF8047B704780B400AF00BFBD465DF8047B704780B400AF00BFBD465DF8047B81
:208BC000704780B500AF00F00DF900BF80BD80B500AF102000F076FE00BF80BD80B500AFB0
:208BE000024801F013FC00BF80BD00BF4C00002080B400AF064BD3F88830054A43F4700354
:208C0000C2F8883000BFBD465DF8047B704700BF00ED00E080B400AF054B00221A60054AEB
:208C2000054B1A6000BFBD465DF8047B704700BF9C010020000004080400002080B582B00A
:208C400000AF0346FB71104B1B685A1C0E490A600E49FA79CA540C4B1B68B3F5807F0FD152
:208C60000B4B1B68402209491846FFF753FD084B1B6803F58073064A1360034B00221A6055
:208C800000BF0837BD4680BD9C0100209C0000200400002080B500AF114B1B68002B1CD01F
:208CA00007E00F4B1B685A1C0D490A600D4AFF21D1540B4B1B6803F00303002BF1D10A4B0A
:208CC0001868074B1B689B089BB21A460549FFF721FD034B00221A6000E000BF80BD00BF08
:208CE0009C0100209C00002004000020DFF834D0FFF77EFF0C480D490D4A002302E0D45857
:208D0000C4500433C4188C42F9D30A4A0A4C002301E013600432A242FBD302F0DFFAFFF7C8
:208D20002DFD7047000002200000002030000020A8B3000830000020A4010020FEE7000063
:208D400080B500AF0E4B1B680D4A43F4007313600B4B1B680A4A43F480631360084B1B684F
:208D6000074A43F480731360032000F04FF90F2000F008F8FFF784FE0023184680BD00BF96
:208D8000003C024080B582B000AF7860124B1A68124B1B7819464FF47A73B3FBF1F3B2FBCA
:208DA000F3F3184600F067F90346002B01D001230EE07B680F2B0AD8002279684FF0FF3058
:208DC00000F02FF9064A7B681360002300E0012318460837BD4680BD000000200C00002085
:208DE0000800002080B400AF064B1B781A46064B1B681344044A136000BFBD465DF8047BA2
:208E0000704700BF0C000020A001002080B400AF034B1B681846BD465DF8047B704700BF90
:208E2000A001002080B584B000AF7860FFF7EEFFB8607B68FB60FB68B3F1FF3F05D00A4BD9
:208E40001B781A46FB681344FB6000BFFFF7DEFF0246BB68D31AFA689A42F7D800BF00BF95
:208E60001037BD4680BD00BF0C00002080B485B000AF78607B6803F00703FB600C4BDB68BB
:208E8000BB60BA684FF6FF031340BB60FB681A02BB68134343F0BF6343F40033BB60044AC0
:208EA000BB68D36000BF1437BD465DF8047B704700ED00E080B400AF044BDB681B0A03F06A
:208EC00007031846BD465DF8047B704700ED00E080B483B000AF0346FB7197F90730002B12
:208EE0000BDBFB7903F01F02074997F907305B09012000FA02F241F8232000BF0C37BD46F9
:208F00005DF8047B704700BF00E100E080B483B000AF03463960FB7197F90730002B0ADB0B
:208F20003B68DAB20C4997F907301201D2B20B4483F800230AE03B68DAB20849FB7903F091
:208F40000F03043B1201D2B20B441A7600BF0C37BD465DF8047B704700E100E000ED00E02C
:208F600080B489B000AFF860B9607A60FB6803F00703FB61FB69C3F10703042B28BF04236F
:208F8000BB61FB690433062B02D9FB69033B00E000237B614FF0FF32BB6902FA03F3DA43EA
:208FA000BB681A407B699A404FF0FF317B6901FA03F3D9437B680B40134318462437BD46D6
:208FC0005DF8047B7047000080B582B000AF78607B68013BB3F1807F01D301230FE00A4A1B
:208FE0007B68013B53600F214FF0FF30FFF78EFF054B00229A60044B07221A60002318469F
:209000000837BD4680BD00BF10E000E080B582B000AF78607868FFF729FF00BF0837BD4655
:2090200080BD80B586B000AF0346B9607A60FB7300237B61FFF73EFF78617A68B968786940
:20904000FFF78EFF024697F90F3011461846FFF75DFF00BF1837BD4680BD80B582B000AF0B
:209060000346FB7197F907301846FFF731FF00BF0837BD4680BD80B582B000AF78607868E4
:20908000FFF7A2FF034618460837BD4680BD80B584B000AF78607B689B6DFB60FFF7B6FE33
:2090A000B8607B6893F83530DBB2022B08D07B6880225A657B68002283F83420012352E0C5
:2090C0007B681B681A687B681B6822F016021A607B681B685A697B681B6822F080025A61C0
:2090E0007B681B6C002B03D17B689B6C002B07D07B681B681A687B681B6822F008021A6037
:209100007B681B681A687B681B6822F001021A6013E0FFF77BFE0246BB68D31A052B0CD9A3
:209120007B6820225A657B68032283F835207B68002283F83420032315E07B681B681B689B
:2091400003F00103002BE4D17B68DB6D3F229A40FB689A607B68012283F835207B6800229A
:2091600083F83420002318461037BD4680BD80B483B000AF78607B6893F83530DBB2022B9D
:2091800004D07B6880225A6501230CE07B68052283F835207B681B681A687B681B6822F06D
:2091A00001021A60002318460C37BD465DF8047B7047000080B586B000AFF860B960C7E9A5
:2091C0000023234B1B7E012B01D102233BE0204B01221A764CF2503000F07CF80346FB752E
:2091E000FB7D002B2BD1FB68002B05D13B781946B86800F027F916E0FB68012B05D13B880C
:209200001946B86800F0FAF80DE0FB68022B05D13B681946B86800F0CFF804E0D7E90023FA
:20922000B86800F097F84CF2503000F053F80346FB75084B1B69074A23F001031361044BDB
:2092400000221A76FB7D18461837BD4680BD00BF10000020003C024080B483B000AF002351
:20926000FB710B4B1B69002B0BDA094B094A5A60074B094A5A60064B1B69002B01DA0123D9
:20928000FB71FB7918460C37BD465DF8047B7047003C024023016745AB89EFCD80B400AF9E
:2092A000054B1B69044A43F00043136100231846BD465DF8047B7047003C024080B400AF32
:2092C000034BDB691846BD465DF8047B704700BF1000002080B584B000AF78600023FB60B3
:2092E0001A4B0022DA61FFF791FDF86010E07B68B3F1FF3F0CD07B68002B07D0FFF786FDE1
:209300000246FB68D31A7A689A4201D2032319E00F4BDB6803F48033002BE8D10C4BDB6840
:2093200003F00103002B02D0094B0122DA60084BDB6803F4F973002B03D000F0A5F80123E0
:2093400000E0002318461037BD4680BD10000020003C024080B485B000AFF860C7E9002334
:20936000144B1B69134A23F440731361114B1B69104A43F4407313610E4B1B690D4A43F070
:2093800001031361FB683A681A60BFF36F8F00BFD7E900014FF000024FF000030A000023F6
:2093A000F968043113460B6000BF1437BD465DF8047B7047003C024080B483B000AF78604F
:2093C00039600D4B1B690C4A23F4407313610A4B1B69094A43F400731361074B1B69064A14
:2093E00043F0010313617B683A681A6000BF0C37BD465DF8047B7047003C024080B483B04E
:2094000000AF78600B467B800D4B1B690C4A23F4407313610A4B1B69094A43F4807313613F
:20942000074B1B69064A43F0010313617B687A881A8000BF0C37BD465DF8047B704700BF8D
:20944000003C024080B483B000AF78600B46FB700C4B1B690B4A23F440731361094B094ACF
:209460001B691361074B1B69064A43F0010313617B68FA781A7000BF0C37BD465DF8047B6B
:20948000704700BF003C024080B400AF2F4BDB6803F01003002B08D02D4BDB6943F010032D
:2094A0002B4AD361294B1022DA60284BDB6803F02003002B08D0264BDB6943F00803244AF3
:2094C000D361224B2022DA60204BDB6803F04003002B08D01E4BDB6943F004031C4AD36107
:2094E0001A4B4022DA60194BDB6803F08003002B08D0174BDB6943F00203154AD361134B7C
:209500008022DA60114BDB6803F48073002B09D00F4BDB6943F001030D4AD3610B4B4FF4E9
:209520008072DA60094BDB6803F00203002B08D0074BDB6943F02003054AD361034B02228C
:20954000DA6000BFBD465DF8047B7047003C02401000002080B489B000AF78603960002326
:209560007B6100233B610023BB610023FB6159E10122FB6902FA03F37B613B681B687A69FA
:2095800013403B613A697B699A4240F048813B685B6803F00303012B05D03B685B6803F0C7
:2095A0000303022B30D17B689B68BB61FB695B00032202FA03F3DB43BA691340BB613B684C
:2095C000DA68FB695B0002FA03F3BA691343BB617B68BA699A607B685B68BB610122FB69BA
:2095E00002FA03F3DB43BA691340BB613B685B681B0903F00102FB6902FA03F3BA6913437A
:20960000BB617B68BA695A603B685B6803F00303032B17D07B68DB68BB61FB695B000322D4
:2096200002FA03F3DB43BA691340BB613B689A68FB695B0002FA03F3BA691343BB617B68BA
:20964000BA69DA603B685B6803F00303022B23D1FB69DA087B68083253F82230BB61FB69AD
:2096600003F007039B000F2202FA03F3DB43BA691340BB613B681A69FB6903F007039B005D
:2096800002FA03F3BA691343BB61FB69DA087B680832B96943F822107B681B68BB61FB696B
:2096A0005B00032202FA03F3DB43BA691340BB613B685B6803F00302FB695B0002FA03F379
:2096C000BA691343BB617B68BA691A603B685B6803F44033002B00F0A2800023FB60574B48
:2096E0005B6C564A43F480435364544B5B6C03F48043FB60FB68524AFB699B08023352F852
:209700002330BB61FB6903F003039B000F2202FA03F3DB43BA691340BB617B68494A9342C4
:2097200019D07B68484A934213D07B68474A93420DD07B68464A934207D07B68454A934287
:2097400001D1042308E0072306E0032304E0022302E0012300E00023FA6902F003029200F4
:209760009340BA691343BB613549FB699B080233BA6941F82320384B9B68BB613B69DB43C4
:20978000BA691340BB613B685B6803F48013002B03D0BA693B691343BB612F4ABB69936080
:2097A0002D4BDB68BB613B69DB43BA691340BB613B685B6803F40013002B03D0BA693B6949
:2097C0001343BB61244ABB69D360234B5B68BB613B69DB43BA691340BB613B685B6803F454
:2097E0000033002B03D0BA693B691343BB611A4ABB695360184B1B68BB613B69DB43BA69DD
:209800001340BB613B685B6803F48033002B03D0BA693B691343BB610F4ABB691360FB693E
:209820000133FB61FB690F2B7FF6A2AE00BF00BF2437BD465DF8047B704700BF0038024095
:2098400000380140000002400004024000080240000C024000100240003C014080B483B039
:2098600000AF78600B467B8013467B707B78002B03D07A887B689A6103E07B881A047B6819
:209880009A6100BF0C37BD465DF8047B704780B485B000AF78600B467B807B685B69FB60FF
:2098A0007A88FB6813401A04FB68D9437B880B401A437B689A6100BF1437BD465DF8047BE9
:2098C0007047000080B582B000AF0346FB80084B5A69FB881340002B06D0054AFB88536184
:2098E000FB881846FFF772F800BF0837BD4680BD003C014080B586B000AF78607B68002B6C
:2099000001D1012367E27B681B6803F00103002B75D0884B9B6803F00C03042B0CD0854B88
:209920009B6803F00C03082B12D1824B5B6803F48003B3F5800F0BD17E4B1B6803F4003379
:20994000002B5BD07B685B68002B57D1012342E27B685B68B3F5803F06D1764B1B68754A89
:2099600043F4803313601DE07B685B68B3F5A02F0CD1704B1B686F4A43F4802313606D4B97
:209980001B686C4A43F4803313600BE0694B1B68684A23F480331360664B1B68654A23F426
:2099A000802313607B685B68002B13D0FFF72EFA386108E0FFF72AFA02463B69D31A642BBC
:2099C00001D9032307E25B4B1B6803F40033002BF0D014E0FFF71AFA386108E0FFF716FADB
:2099E00002463B69D31A642B01D90323F3E1514B1B6803F40033002BF0D100E000BF7B6874
:209A00001B6803F00203002B63D04A4B9B6803F00C03002B0BD0474B9B6803F00C03082B03
:209A20001CD1444B5B6803F48003002B16D1414B1B6803F00203002B05D07B68DB68012B02
:209A400001D00123C7E13B4B1B6823F0F8027B681B69DB00374913430B603AE07B68DB6890
:209A6000002B20D0344B01221A60FFF7CFF9386108E0FFF7CBF902463B69D31A022B01D9D6
:209A80000323A8E12B4B1B6803F00203002BF0D0284B1B6823F0F8027B681B69DB00254988
:209AA00013430B6015E0244B00221A60FFF7AEF9386108E0FFF7AAF902463B69D31A022B28
:209AC00001D9032387E11B4B1B6803F00203002BF0D17B681B6803F00803002B36D07B68D9
:209AE0005B69002B16D0154B01221A60FFF78EF9386108E0FFF78AF902463B69D31A022B17
:209B000001D9032367E10B4B5B6F03F00203002BF0D01BE0094B00221A60FFF777F9386110
:209B20000EE0FFF773F902463B69D31A022B07D9032350E10038024000004742800E47427E
:209B4000884B5B6F03F00203002BEAD17B681B6803F00403002B00F097800023FB75814B99
:209B60001B6C03F08053002B0FD10023BB607D4B1B6C7C4A43F0805313647A4B1B6C03F07E
:209B80008053BB60BB680123FB75774B1B6803F48073002B18D1744B1B68734A43F48073B4
:209BA0001360FFF733F9386108E0FFF72FF902463B69D31A022B01D903230CE16A4B1B6846
:209BC00003F48073002BF0D07B689B68012B06D1644B1B6F634A43F0010313671CE07B6851
:209BE0009B68052B0CD15F4B1B6F5E4A43F0040313675C4B1B6F5B4A43F0010313670BE053
:209C0000584B1B6F574A23F001031367554B1B6F544A23F0040313677B689B68002B15D093
:209C2000FFF7F4F838610AE0FFF7F0F802463B69D31A41F28832934201D90323CBE0494B07
:209C40001B6F03F00203002BEED014E0FFF7DEF838610AE0FFF7DAF802463B69D31A41F282
:209C60008832934201D90323B5E03E4B1B6F03F00203002BEED1FB7D012B05D1394B1B6C46
:209C8000384A23F0805313647B689B69002B00F0A180344B9B6803F00C03082B5CD07B68FC
:209CA0009B69022B41D1314B00221A60FFF7AEF8386108E0FFF7AAF802463B69D31A022B8E
:209CC00001D9032387E0274B1B6803F00073002BF0D17B68DA697B681B6A1A437B685B6A43
:209CE0009B011A437B689B6A5B08013B1B041A437B68DB6A1B061B4913434B601B4B012231
:209D00001A60FFF783F8386108E0FFF77FF802463B69D31A022B01D903235CE0114B1B6849
:209D200003F00073002BF0D054E0104B00221A60FFF76CF8386108E0FFF768F802463B698A
:209D4000D31A022B01D9032345E0064B1B6803F00073002BF0D13DE07B689B69012B07D196
:209D6000012338E00038024000700040600047421B4B5B68FB607B689B69012B28D0FB68A2
:209D800003F480027B68DB699A4221D1FB6803F03F027B681B6A9A421AD1FA6847F6C073BD
:209DA00013407A68526A9201934211D1FB6803F440327B689B6A5B08013B1B049A4207D142
:209DC000FB6803F070627B68DB6A1B069A4201D0012300E0002318461837BD4680BD00BF92
:209DE0000038024080B584B000AF786039607B68002B01D10123CCE0684B1B6803F007037D
:209E00003A689A420CD9654B3A68D2B21A70634B1B6803F007033A689A4201D00123B8E046
:209E20007B681B6803F00203002B20D07B681B6803F00403002B05D0594B9B68584A43F4C9
:209E4000E05393607B681B6803F00803002B05D0534B9B68524A43F460439360504B9B68D0
:209E600023F0F0027B689B684D4913438B607B681B6803F00103002B44D07B685B68012BB2
:209E800007D1474B1B6803F40033002B19D101237FE07B685B68022B03D07B685B68032B99
:209EA00007D13F4B1B6803F00073002B09D101236FE03B4B1B6803F00203002B01D10123BD
:209EC00067E0374B9B6823F003027B685B68344913438B60FEF79AFFF8600AE0FEF796FFE0
:209EE0000246FB68D31A41F28832934201D903234FE02B4B9B6803F00C027B685B689B001E
:209F00009A42EBD1254B1B6803F007033A689A420CD2224B3A68D2B21A70204B1B6803F05F
:209F200007033A689A4201D0012332E07B681B6803F00403002B08D0194B9B6823F4E0527F
:209F40007B68DB68164913438B607B681B6803F00803002B09D0124B9B6823F460427B68D7
:209F60001B69DB000E4913438B6000F021F802460B4B9B681B0903F00F030A49CB5C22FA81
:209F800003F3094A1360094B1B681846FEF7FAFE002318461037BD4680BD00BF003C02409E
:209FA0000038024080B3000800000020080000202DE9B04F90B000AF00237B630023FB631E
:209FC00000233B630023BB63584B9B6803F00C03082B0DD0082B00F2A080002B02D0042B56
:209FE00003D09AE0524BBB639AE0524BBB6397E04E4B5B6803F03F037B634C4B5B6803F4ED
:20A000008003002B27D0494B5B689B0900223B627A623B6AC3F308000021464B03FB01F2FF
:20A02000002300FB03F31344424AA0FB0221F962BA62FA6A1344FB627B6B0022BB61FA615D
:20A04000D7E90623D7E90A01FEF7CEF902460B461346FB6353E0354B5B689B0900223B6168
:20A060007A613B69C3F3080A4FF0000B52465B464FF000004FF00001590141EAD26150018E
:20A0800002460B46B2EB0A0863EB0B094FF000024FF000034FEA891343EA98634FEA8812C3
:20A0A000B2EB080463EB09054FF000024FF00003EB0043EA5473E20014461D4614EB0A038E
:20A0C0003B6045EB0B037B604FF000024FF00003D7E9004529468B02214643EA9153214669
:20A0E0008A02104619467B6B0022BB60FA60D7E90223FEF779F902460B461346FB630B4BB0
:20A100005B681B0C03F0030301335B003B63FA6B3B6BB2FBF3F3BB6302E0054BBB6300BF64
:20A12000BB6B18464037BD46BDE8B08F003802400024F40040787D0180B400AF034B1B68C1
:20A140001846BD465DF8047B704700BF0000002080B500AFFFF7F0FF0246054B9B689B0A2B
:20A1600003F007030349CB5C22FA03F3184680BD0038024090B3000880B500AFFFF7DCFF48
:20A180000246054B9B685B0B03F007030349CB5C22FA03F3184680BD0038024090B30008DC
:20A1A00080B582B000AF78607B68002B01D1012342E07B6893F84130DBB2002B06D17B683A
:20A1C000002283F840207868FEF782FC7B68242283F841207B681B68DA687B681B6822F406
:20A1E0000052DA60786800F0FDFD7B681B681A697B681B6822F490421A617B681B685A692E
:20A200007B681B6822F02A025A617B681B68DA687B681B6842F40052DA607B6800225A644C
:20A220007B68202283F841207B68202283F842207B6800225A63002318460837BD4680BD59
:20A2400080B58AB002AFF860B9603B601346FB8000237B61FB6893F84130DBB2202B75D182
:20A26000BB68002B02D0FB88002B01D101236EE0FB6800225A64FB68212283F84120FEF712
:20A28000C5FD7861FB68FA889A84FB68FA88DA84FB689B68B3F5805F08D1FB681B69002B05
:20A2A00004D10023FB61BB68BB6103E0BB68FB610023BB612EE03B6800937B69002280217F
:20A2C000F86800F061FB0346002B05D0FB68202283F8412003233AE0FB69002B0BD1BB6939
:20A2E0001B881A46FB681B68C2F308025A60BB690233BB6107E0FB691A78FB681B685A600A
:20A30000FB690133FB61FB68DB8C9BB2013B9AB2FB68DA84FB68DB8C9BB2002BCBD13B6868
:20A3200000937B6900224021F86800F02DFB0346002B05D0FB68202283F84120032306E0D5
:20A34000FB68202283F84120002300E0022318462037BD4680BD80B485B000AFF860B960D6
:20A360001346FB80FB6893F84130DBB2202B21D1BB68002B02D0FB88002B01D101231AE022
:20A38000FB68BA681A62FB68FA889A84FB68FA88DA84FB6800225A64FB68212283F84120B1
:20A3A000FB681B68DA68FB681B6842F08002DA60002300E0022318461437BD465DF8047BF9
:20A3C000704780B584B000AFF860B9601346FB80FB6893F84230DBB2202B12D1BB68002B00
:20A3E00002D0FB88002B01D101230BE0FB6800221A63FB881A46B968F86800F01EFB034644
:20A4000000E0022318461037BD4680BD80B5BAB000AF78607B681B681B68C7F8E4307B688D
:20A420001B68DB68C7F8E0307B681B685B69C7F8DC300023C7F8D8300023C7F8D430D7F8F3
:20A44000E43003F00F03C7F8D830D7F8D830002B0FD1D7F8E43003F02003002B09D0D7F86E
:20A46000E03003F02003002B03D0786800F0FBFB73E2D7F8D830002B00F0DE80D7F8DC3072
:20A4800003F00103002B06D1D7F8E03003F49073002B00F0D180D7F8E43003F00103002B79
:20A4A0000BD0D7F8E03003F48073002B05D07B685B6C43F001027B685A64D7F8E43003F0A1
:20A4C0000403002B0BD0D7F8DC3003F00103002B05D07B685B6C43F002027B685A64D7F84C
:20A4E000E43003F00203002B0BD0D7F8DC3003F00103002B05D07B685B6C43F004027B68B2
:20A500005A64D7F8E43003F00803002B11D0D7F8E03003F02003002B05D1D7F8DC3003F0CC
:20A520000103002B05D07B685B6C43F008027B685A647B685B6C002B00F00A82D7F8E4305B
:20A5400003F02003002B08D0D7F8E03003F02003002B02D0786800F086FB7B681B685B6975
:20A5600003F04003402B0CBF01230023DBB2C7F8D4307B685B6C03F00803002B03D1D7F862
:20A58000D430002B4FD0786800F091FA7B681B685B6903F04003402B41D17B681B68143388
:20A5A000C7F89C30D7F89C3053E8003FC7F89830D7F8983023F04003C7F8D0307B681B6862
:20A5C0001433D7F8D020C7F8A820C7F8A430D7F8A410D7F8A82041E80023C7F8A030D7F897
:20A5E000A030002BD9D17B68DB6B002B13D07B68DB6B8A4A1A657B68DB6B1846FEF7B7FDD3
:20A600000346002B16D07B68DB6B1B6D7A68D26B104698470EE0786800F0ACF90AE07868AE
:20A6200000F0A8F906E0786800F0A4F97B6800225A648DE100BF8BE17B681B6B012B40F015
:20A640006781D7F8E43003F01003002B00F06081D7F8E03003F01003002B00F05981002330
:20A66000BB607B681B681B68BB607B681B685B68BB60BB687B681B685B6903F04003402B89
:20A6800040F0CE807B68DB6B1B685B68A7F8BE30B7F8BE30002B00F0A9807B689B8DB7F8A5
:20A6A000BE209A4280F0A2807B68B7F8BE20DA857B68DB6BDB69B3F5807F00F088807B6890
:20A6C0001B680C33C7F88830D7F8883053E8003FC7F88430D7F8843023F48073C7F8B83099
:20A6E0007B681B680C33D7F8B820C7F89420C7F89030D7F89010D7F8942041E80023C7F81F
:20A700008C30D7F88C30002BD9D17B681B6814337B677B6F53E8003F3B673B6F23F00103C7
:20A72000C7F8B4307B681B681433D7F8B420C7F88020FB67F96FD7F8802041E80023BB6720
:20A74000BB6F002BE1D17B681B6814333B663B6E53E8003FFB65FB6D23F04003C7F8B030C4
:20A760007B681B681433D7F8B020FA66BB66B96EFA6E41E800237B667B6E002BE3D17B68A5
:20A78000202283F842207B6800221A637B681B680C33FB64FB6C53E8003FBB64BB6C23F0DA
:20A7A0001003C7F8AC307B681B680C33D7F8AC20BA657B65796DBA6D41E800233B653B6D0B
:20A7C000002BE3D17B68DB6B1846FEF760FC7B6802225A637B689A8D7B68DB8D9BB2D31A6F
:20A7E0009BB219467868FEF731F9B3E07B689B8DB7F8BE209A4240F0AD807B68DB6BDB69DD
:20A80000B3F5807F40F0A6807B6802225A637B689B8D19467868FEF719F99BE075AB000883
:20A820007B689A8D7B68DB8D9BB2D31AA7F8CE307B68DB8D9BB2002B00F08E80B7F8CE307E
:20A84000002B00F089807B681B680C33BB63BB6B53E8003F7B637B6B23F49073C7F8C830DC
:20A860007B681B680C33D7F8C8207A643B64396C7A6C41E80023FB63FB6B002BE3D17B68A2
:20A880001B6814337B627B6A53E8003F3B623B6A23F00103C7F8C4307B681B681433D7F82A
:20A8A000C4203A63FB62F96A3A6B41E80023BB62BB6A002BE3D17B68202283F842207B6860
:20A8C00000221A637B681B680C333B613B6953E8003FFB60FB6823F01003C7F8C0307B6804
:20A8E0001B680C33D7F8C020FA61BB61B969FA6941E800237B617B69002BE3D17B680222F9
:20A900005A63B7F8CE3019467868FEF79FF823E0D7F8E43003F08003002B09D0D7F8E030C3
:20A9200003F08003002B03D0786800F034F914E0D7F8E43003F04003002B0ED0D7F8E030B1
:20A9400003F04003002B08D0786800F074F904E000BF02E000BF00E000BFE837BD4680BD3F
:20A9600080B483B000AF786000BF0C37BD465DF8047B704780B483B000AF786000BF0C3769
:20A98000BD465DF8047B704780B586B000AFF860B9603B601346FB713BE03B6AB3F1FF3F9C
:20A9A00037D0FEF733FA02463B68D31A3A6A9A4202D33B6A002B01D103233AE0FB681B6879
:20A9C000DB6803F00403002B23D0BB68802B20D0BB68402B1DD0FB681B681B6803F008037C
:20A9E000082B16D100237B61FB681B681B687B61FB681B685B687B617B69F86800F057F8F1
:20AA0000FB6808225A64FB68002283F8402001230FE0FB681B681A68BB681340BA689A429C
:20AA20000CBF01230023DBB21A46FB799A42B4D0002318461837BD4680BD80B485B000AF1B
:20AA4000F860B9601346FB80FB68BA689A62FB68FA889A85FB68FA88DA85FB6800225A64A5
:20AA6000FB68222283F84220FB681B69002B07D0FB681B68DA68FB681B6842F48072DA60F9
:20AA8000FB681B685A69FB681B6842F001025A61FB681B68DA68FB681B6842F02002DA609B
:20AAA000002318461437BD465DF8047B704780B495B000AF78607B681B680C337B637B6BD3
:20AAC00053E8003F3B633B6B23F49073FB647B681B680C33FA6C3A64FB63F96B3A6C41E805
:20AAE0000023BB63BB6B002BE5D17B681B6814333B623B6A53E8003FFB61FB6923F00103CE
:20AB0000BB647B681B681433BA6CFA62BB62B96AFA6A41E800237B627B6A002BE5D17B6871
:20AB20001B6B012B19D17B681B680C33FB60FB6853E8003FBB60BB6823F010037B647B6876
:20AB40001B680C337A6CBA617B617969BA6941E800233B613B69002BE5D17B68202283F844
:20AB600042207B6800221A6300BF5437BD465DF8047B704780B584B000AF78607B689B6B40
:20AB8000FB60FB680022DA85F868FFF7F3FE00BF1037BD4680BD80B485B000AF78607B6816
:20ABA00093F84130DBB2212B3ED17B689B68B3F5805F14D17B681B69002B10D17B681B6A84
:20ABC000FB60FB681B881A467B681B68C2F308025A607B681B6A9A1C7B681A6208E07B688D
:20ABE0001B6A591C7A6811621A787B681B685A607B68DB8C9BB2013B9BB27A681946D1849E
:20AC0000002B0FD17B681B68DA687B681B6822F08002DA607B681B68DA687B681B6842F00D
:20AC20004002DA60002300E0022318461437BD465DF8047B704780B582B000AF78607B6868
:20AC40001B68DA687B681B6822F04002DA607B68202283F841207868FFF782FE0023184663
:20AC60000837BD4680BD80B58CB000AF78600023FB620023BB627B6893F84230DBB2222BE3
:20AC800040F0AA807B689B68B3F5805F15D17B681B69002B11D17B689B6ABB627B681B6828
:20ACA0005B689BB2C3F308039AB2BB6A1A807B689B6A9A1C7B689A6224E07B689B6AFB62F2
:20ACC0007B689B68B3F5805F07D07B689B68002B0AD17B681B69002B06D17B681B685B68B2
:20ACE000DAB2FB6A1A7008E07B681B685B68DBB203F07F03DAB2FB6A1A707B689B6A5A1CED
:20AD00007B689A627B68DB8D9BB2013B9BB27A681946D185002B5DD17B681B68DA687B68B8
:20AD20001B6822F02002DA607B681B68DA687B681B6822F48072DA607B681B685A697B68C6
:20AD40001B6822F001025A617B68202283F842207B6800225A637B681B6B012B35D17B685E
:20AD600000221A637B681B680C337B617B6953E8003F3B613B6923F010037B627B681B68AC
:20AD80000C337A6A3A62FB61F9693A6A41E80023BB61BB69002BE5D17B681B681B6803F049
:20ADA0001003102B0AD10023FB607B681B681B68FB607B681B685B68FB60FB687B689B8DB6
:20ADC00019467868FDF742FE02E07868FDF71CFE002302E0002300E0022318463037BD463B
:20ADE00080BD00002DE9B04FC0B000AFC7F8F400D7F8F4301B681B6923F44050D7F8F4309B
:20AE0000D968D7F8F4301A6840EA01031361D7F8F4309A68D7F8F4301B691A43D7F8F4301E
:20AE20005B691A43D7F8F430DB691343C7F8F830D7F8F4301B68DB6823F4164121F00C0138
:20AE4000D7F8F4301A68D7F8F8300B43D360D7F8F4301B685B6923F44070D7F8F43099690F
:20AE6000D7F8F4301A6840EA01035361D7F8F4301A688F4B9A4205D0D7F8F4301A688D4B2E
:20AE80009A4204D1FFF778F9C7F8FC0003E0FFF75FF9C7F8FC00D7F8F430DB69B3F5004FC5
:20AEA00040F00C81D7F8FC300022C7F8E830C7F8EC20D7E93A4522462B469118B9655B419B
:20AEC000FB65D7E91623214612EB0108294643EB01094FF000024FF000034FEAC90343EA50
:20AEE00058734FEAC80290469946234618EB0303C7F8E0302B4649EB0303C7F8E430D7F841
:20AF0000F4305B680022C7F8D830C7F8DC20D7E936120B46DB183B65134642EB03037B654E
:20AF2000D7E91423D7E93801FDF75EFA02460B46614BA3FB02235B091C01D7F8FC3000222F
:20AF4000C7F8D030C7F8D420D7E9348942464B469118B9645B41FB64D7E91223414612EBAF
:20AF6000010A494643EB010B4FF000024FF000034FEACB0343EA5A734FEACA0292469B46BB
:20AF800043461AEB0303C7F8C8304B464BEB0303C7F8CC30D7F8F4305B680022C7F8C03057
:20AFA000C7F8C420D7E930120B46DB183B64134642EB03037B64D7E91023D7E93201FDF7C4
:20AFC00013FA02460B4611463B4BA3FB01235B09642202FB03F3CB1ADB0003F13202364BE6
:20AFE000A3FB02235B095B0003F4F8731C44D7F8FC300022C7F8B830C7F8BC20D7E92E8937
:20B0000042464B469118B9635B41FB63D7E90E2341465118396349464B417B634FF00002A1
:20B020004FF00003D7E90CAB5946CB00514643EA51735146CA0010461946034642469B18CB
:20B04000C7F8B0304B460A4642EB0303C7F8B430D7F8F4305B680022C7F8A830C7F8AC20A0
:20B06000D7E92A120B46DB18BB62134642EB0303FB62D7E90A23D7E92C01FDF7B5F90246C6
:20B080000B460D4BA3FB02135B09642101FB03F3D31ADB003233084AA2FB03235B0903F0E0
:20B0A0000702D7F8F4301B6822449A6006E100BF00100140001401401F85EB51D7F8FC308A
:20B0C0000022C7F8A030C7F8A420D7E9288942464B46911839625B417B62D7E90823414683
:20B0E0005418494643EB01054FF000024FF00003EB0043EA5473E20014461D464346E3189C
:20B10000C7F898304B4645EB0303C7F89C30D7F8F4305B680022C7F89030C7F894204FF04D
:20B1200000024FF00003D7E9244529468B00214643EA917321468A00D7E92601FDF754F9F7
:20B1400002460B46604BA3FB02235B091C01D7F8FC300022C7F88830C7F88C20D7E92289FD
:20B1600042464B469118B9615B41FB61D7E9062341465118396149464B417B614FF0000250
:20B180004FF00003D7E904AB5946CB00514643EA51735146CA0010461946034642469B1872
:20B1A000C7F880304B460A4642EB0303C7F88430D7F8F4305B680022BB67FA674FF00002FD
:20B1C0004FF00003D7E91E8949468B00414643EA917341468A00D7E92001FDF705F90246C8
:20B1E0000B461146384BA3FB01235B09642202FB03F3CB1A1B013233334AA2FB03235B097B
:20B2000003F0F0031C44D7F8FC3000223B677A67D7E91C8942464B469118B9605B41FB6011
:20B22000D7E9022341465118396049464B417B604FF000024FF00003D7E900AB5946CB0052
:20B24000514643EA51735146CA0010461946034642469B18BB664B460A4642EB0303FB6636
:20B26000D7F8F4305B6800223B667A664FF000024FF00003D7E9188949468B00414643EAC3
:20B28000917341468A00D7E91A01FDF7ADF802460B460D4BA3FB02135B09642101FB03F3A6
:20B2A000D31A1B013233084AA2FB03235B0903F00F02D7F8F4301B6822449A6000BF07F512
:20B2C0008077BD46BDE8B08F1F85EB5102440346934200D1704703F8011BF9E770B50D4B50
:20B2E0000D4D5B1B9C100026A64209D100F01AF80A4D0B4B5B1B9C100026A64205D170BD08
:20B3000055F8043B98470136EEE755F8043B98470136F2E7A0B30008A0B30008A0B300082A
:20B32000A4B30008F8B500BFF8BC08BC9E467047F8B500BFF8BC08BC9E4670470A48656C8D
:20B340006C6F2066726F6D206170706C69636174696F6E0A00000000627574746F6E206361
:20B360006C69636B65642066726F6D207468652076657273696F6E203135306D7300000070
:20B3800000000000000000000102030406070809000000000102030440D0FF7F01000000EC
:20B3A000BD830008998300080024F4000000040810000000010000000000000000000000EC
:18B3C00000000000000000000100000000000000000000000000000074
:020000040804EE
:2000000000000000E5B1000B00000200DC3100008F966159B4F3A20F6C6BDF5BDBA2F8D2A1
:200020006CA90C01D50649351CC9F491C09518E425BB1B6C84998F5A8EDAA2F1E120C35707
:2000400084833D90982CF6CC7111203E33DD2F6482DC1AFB00000000000000000000000050
:20006000000000000000000000000000000000000000000000000000000000000000000080
:20008000000000000000000000000000000000000000000000000000000000000000000060
:2000A000000000000000000000000000000000000000000000000000000000000000000040
:2000C000000000000000000000000000000000000000000000000000000000000000000020
:2000E000000000000000000000000000000000000000000000000000000000000000000000
:200100000000000000000000000000000000000000000000000000000000000000000000DF
:200120000000000000000000000000000000000000000000000000000000000000000000BF
:2001400000000000000000000000000000000000000000000000000000000000000000009F
:2001600000000000000000000000000000000000000000000000000000000000000000007F
:2001800000000000000000000000000000000000000000000000000000000000000000005F
:2001A00000000000000000000000000000000000000000000000000000000000000000003F
:2001C00000000000000000000000000000000000000000000000000000000000000000001F
:2001E0000000000000000000000000000000000000000000000000000000000000000000FF
:2002000000000220F18C0008758B00087D8B0008858B00088D8B0008958B000800000000BF
:200220000000000000000000000000009D8B0008AB8B000800000000B98B0008C78B0008AA
:20024000418D0008418D0008418D0008418D0008418D0008418D0008418D0008418D0008EE
:20026000418D0008418D0008D38B0008418D0008418D0008418D0008418D0008418D00083E
:20028000418D0008418D0008418D000800000000000000000000000000000000418D000806
:2002A000418D0008418D0008418D0008418D0008418D0008418D0008418D0008418D00088E
:2002C000418D0008418D0008418D0008418D0008418D0008E18B0008418D000800000000A6
:2002E000418D0008418D0008418D000800000000000000000000000000000000418D0008A6
:2003000000000000418D0008418D0008418D0008000000000000000000000000000000005B
:20032000418D0008418D0008418D0008418D0008418D00080000000000000000000000008F
:20034000000000000000000000000000418D0008418D0008418D0008418D0008418D00086F
:20036000418D0008418D0008000000000000000000000000000000000000000000000000D1
:2003800000000000418D00080000000000000000418D0008418D000810B5054C237833B93E
:2003A000044B13B10448AFF300800123237010BD300000200000000028B3000808B5034BFA
:2003C0001BB103490348AFF3008008BD000000003400002028B30008034613F8012B002AF2
:2003E000FBD1181A0138704753B94AB9002908BF00281CBF4FF0FF314FF0FF3000F088B9FF
:20040000ADF1080C6DE904CE00F006F8DDF804E0DDE9022304B070472DE9F047089D0F46BE
:2004200004468C46002B48D18A42164661D9B2FA82F34BB1C3F1200201FA03FC20FA02F2FF
:200440009E4042EA0C0C9C404FEA164EB7B2BCFBFEF1220C0EFB11CC42EA0C4201FB07F071
:20046000904209D9B21801F1FF3C80F0EE80904240F2EB8002393244121AA4B2B2FBFEF0B6
:200480000EFB102244EA024400FB07F7A74209D9341900F1FF3280F0DA80A74240F2D7803E
:2004A0003444023840EA0140E41B00211DB1DC400023C5E90043BDE8F0878B4206D90DB17B
:2004C000C5E9000100210846BDE8F087B3FA83F1002948D1BB4202D3824200F20781841AD1
:2004E00067EB030201209446002DE4D0C5E9004CE1E7002A00F09280B2FA82F3002B40F05F
:20050000A8808A1A4FEA164E1FFA86FC0121200CB2FBFEF70EFB172240EA02420CFB07F039
:20052000904207D9B21807F1FF3802D2904200F2E2804746121AA4B2B2FBFEF00EFB102231
:2005400044EA02440CFB00FCA44507D9341900F1FF3202D2A44500F2CB801046A4EB0C04FD
:2005600040EA0740A2E7C1F120068B4022FA06FC4CEA030C07FA01F420FA06F3F7404FEA02
:200580001C49234300FA01F81FFA8CFEB7FBF9F01C0C09FB107744EA074400FB0EF7A7424A
:2005A00002FA01F20AD91CEB040400F1FF3A80F09B80A74240F2988002386444E41B9FB240
:2005C000B4FBF9F309FB134447EA044403FB0EFEA64509D91CEB040403F1FF3780F082802A
:2005E000A6457FD9023B644443EA0040A4EB0E04A0FB02E7BC427346B94663D360D05DB117
:20060000B8EB030264EB090404FA06F622FA01F31E43CC40C5E9006400214CE7620848083F
:2006200042EAC1710B0C43EA00438AB242EA0342B3FBF6F1E407B4463746B6461F23B0FB48
:20064000F6F0D21B41EA004161E7614614E7104628E7C3F1200120FA01F29E4027FA01F139
:200660009F403A434FEA164E1FFA86FCB1FBFEF70EFB1710110C41EA004107FB0CF88845B9
:2006800004FA03F43AD9711807F1FF3001D288451FD8A1EB0801B1FBFEF808FB0CF70EFBC5
:2006A000181192B242EA0142BA422FD2B21808F1FF31C6D2BA42C4D2A8F102013244C0E78B
:2006C000F0459CD2BEEB020367EB0C070138B94695E7A6EB08084144B81EB1FBFEF808FB0F
:2006E0000CF7DCE73B467FE7504667E70846FBE63444023832E7023F32441BE7A1EB080121
:200700003846B1FBFEF808FB0CF7C8E7414698E7704700BFB0B586B000AFF860B960134674
:20072000FB8000237B6100F099FD1BE07B699B00BA6813441B6800221C46154622462B468B
:20074000F968022000F038FD0346002B06D1FB680433FB607B6901337B6103E000F0B0FD3D
:20076000034606E0FB887A699A42DFDB00F098FD002318461837BD46B0BD000080B500AFA5
:2007800000F0E0FA00F022F800F0B2F800F086F800F042FA01220949094801F014FE094837
:2007A00000F002F94FF40051074801F072F84FF4FA7000F039FB00BFF4E700BF9400002032
:2007C0004C00002040B300080008024080B594B000AF07F1200330220021184602F078FDED
:2007E00007F10C0300221A605A609A60DA601A610023BB60274B1B6C264A43F080531364C9
:20080000244B1B6C03F08053BB60BB6800237B60214B1B68204A43F4404313601E4B1B686E
:2008200003F440437B607B6802233B620123FB6210233B630223BB630023FB6308233B64DE
:2008400064237B640223BB640423FB6407F12003184601F051F80346002B01D000F00CF97B
:200860000F23FB6002233B6100237B614FF48053BB610023FB6107F10C030321184601F000
:20088000B3FA0346002B01D000F0F6F800BF5037BD4680BD003802400070004080B500AFF4
:2008A000114B124A1A60104B4FF4E1325A600E4B00229A600C4B0022DA600B4B00221A6180
:2008C000094B0C225A61084B00229A61064B0022DA61054801F066FC0346002B01D000F0E8
:2008E000CBF800BF80BD00BF4C0000200010014080B588B000AF07F10C0300221A605A6044
:200900009A60DA601A610023BB60244B1B6B234A43F004031363214B1B6B03F00403BB60D1
:20092000BB6800237B601D4B1B6B1C4A43F0010313631A4B1B6B03F001037B607B680022D3
:200940004FF40051164800F08BFF4FF40053FB6001233B6100237B610023BB6107F10C0335
:2009600019460F4800F0F8FD1023FB604FF488133B6102237B6107F10C031946094800F02C
:20098000EBFD002200210A2000F04DFB0A2000F066FB00BF2037BD4680BD00BF00380240C0
:2009A000000802400000024080B582B000AF78607868FFF711FD03469AB264237968034891
:2009C00001F040FC00BF0837BD4680BD4C00002080B582B000AF0346FB8000F019FA02461B
:2009E000084B1B68D31A642B07D900F011FA0346044A13600448FFF7D7FF00BF0837BD46A7
:200A000080BD00BF980000205CB3000880B582B000AF78607B681B680A4A93420ED10A4B5A
:200A20001B78184600F00CF901220749074801F094FC01220449054801F0C5FC00BF083720
:200A4000BD4680BD00100140940000204C00002080B582B000AF78600B467B807B681B6845
:200A6000044A934201D100F017F900BF0837BD4680BD00BF0010014080B400AF72B600BF69
:200A800000BFFDE780B483B000AF00237B60104B5B6C0F4A43F4804353640D4B5B6C03F45D
:200AA00080437B607B6800233B60094B1B6C084A43F080531364064B1B6C03F080533B6014
:200AC0003B6800BF0C37BD465DF8047B704700BF0038024080B58AB000AF786007F11403A5
:200AE00000221A605A609A60DA601A617B681B681D4A934234D100233B611C4B5B6C1B4AF8
:200B000043F010035364194B5B6C03F010033B613B690023FB60154B1B6B144A43F001036E
:200B20001363124B1B6B03F00103FB60FB684FF4C0637B610223BB610023FB6103233B62E2
:200B400007237B6207F114031946094800F004FD00220021252000F066FA252000F07FFA58
:200B600000BF2837BD4680BD00100140003802400000024080B400AF00BFFDE780B400AFA1
:200B800000BFFDE780B400AF00BFFDE780B400AF00BFFDE780B400AF00BFFDE780B400AF3D
:200BA00000BFBD465DF8047B704780B400AF00BFBD465DF8047B704780B400AF00BFBD4613
:200BC0005DF8047B704780B500AF00F00DF900BF80BD80B500AF102000F076FE00BF80BD40
:200BE00080B500AF024801F013FC00BF80BD00BF4C00002080B400AF064BD3F88830054A9A
:200C000043F47003C2F8883000BFBD465DF8047B704700BF00ED00E080B400AF054B00228A
:200C20001A60054A054B1A6000BFBD465DF8047B704700BF9C010020000004080400002028
:200C400080B582B000AF0346FB71104B1B685A1C0E490A600E49FA79CA540C4B1B68B3F54A
:200C6000807F0FD10B4B1B68402209491846FFF751FD084B1B6803F58073064A1360034B94
:200C800000221A6000BF0837BD4680BD9C0100209C0000200400002080B500AF114B1B681A
:200CA000002B1CD007E00F4B1B685A1C0D490A600D4AFF21D1540B4B1B6803F00303002B8A
:200CC000F1D10A4B1868074B1B689B089BB21A460549FFF71FFD034B00221A6000E000BF6F
:200CE00080BD00BF9C0100209C00002004000020DFF834D0FFF77EFF0C480D490D4A0023E9
:200D000002E0D458C4500433C4188C42F9D30A4A0A4C002301E013600432A242FBD302F009
:200D2000DFFAFFF72BFD7047000002200000002030000020ACB3000830000020A4010020F7
:200D4000FEE7000080B500AF0E4B1B680D4A43F4007313600B4B1B680A4A43F480631360C0
:200D6000084B1B68074A43F480731360032000F04FF90F2000F008F8FFF784FE002318463C
:200D800080BD00BF003C024080B582B000AF7860124B1A68124B1B7819464FF47A73B3FBDF
:200DA000F1F3B2FBF3F3184600F067F90346002B01D001230EE07B680F2B0AD800227968B5
:200DC0004FF0FF3000F02FF9064A7B681360002300E0012318460837BD4680BD00000020C3
:200DE0000C0000200800002080B400AF064B1B781A46064B1B681344044A136000BFBD46CA
:200E00005DF8047B704700BF0C000020A001002080B400AF034B1B681846BD465DF8047BB2
:200E2000704700BFA001002080B584B000AF7860FFF7EEFFB8607B68FB60FB68B3F1FF3F0D
:200E400005D00A4B1B781A46FB681344FB6000BFFFF7DEFF0246BB68D31AFA689A42F7D869
:200E600000BF00BF1037BD4680BD00BF0C00002080B485B000AF78607B6803F00703FB6057
:200E80000C4BDB68BB60BA684FF6FF031340BB60FB681A02BB68134343F0BF6343F400330F
:200EA000BB60044ABB68D36000BF1437BD465DF8047B704700ED00E080B400AF044BDB6899
:200EC0001B0A03F007031846BD465DF8047B704700ED00E080B483B000AF0346FB7197F9DC
:200EE0000730002B0BDBFB7903F01F02074997F907305B09012000FA02F241F8232000BF5D
:200F00000C37BD465DF8047B704700BF00E100E080B483B000AF03463960FB7197F9073055
:200F2000002B0ADB3B68DAB20C4997F907301201D2B20B4483F800230AE03B68DAB2084968
:200F4000FB7903F00F03043B1201D2B20B441A7600BF0C37BD465DF8047B704700E100E012
:200F600000ED00E080B489B000AFF860B9607A60FB6803F00703FB61FB69C3F10703042B30
:200F800028BF0423BB61FB690433062B02D9FB69033B00E000237B614FF0FF32BB6902FA6F
:200FA00003F3DA43BB681A407B699A404FF0FF317B6901FA03F3D9437B680B4013431846A1
:200FC0002437BD465DF8047B7047000080B582B000AF78607B68013BB3F1807F01D3012380
:200FE0000FE00A4A7B68013B53600F214FF0FF30FFF78EFF054B00229A60044B07221A605D
:20100000002318460837BD4680BD00BF10E000E080B582B000AF78607868FFF729FF00BF96
:201020000837BD4680BD80B586B000AF0346B9607A60FB7300237B61FFF73EFF78617A6880
:20104000B9687869FFF78EFF024697F90F3011461846FFF75DFF00BF1837BD4680BD80B56A
:2010600082B000AF0346FB7197F907301846FFF731FF00BF0837BD4680BD80B582B000AF3B
:2010800078607868FFF7A2FF034618460837BD4680BD80B584B000AF78607B689B6DFB60A5
:2010A000FFF7B6FEB8607B6893F83530DBB2022B08D07B6880225A657B68002283F83420F1
:2010C000012352E07B681B681A687B681B6822F016021A607B681B685A697B681B6822F027
:2010E00080025A617B681B6C002B03D17B689B6C002B07D07B681B681A687B681B6822F0FE
:2011000008021A607B681B681A687B681B6822F001021A6013E0FFF77BFE0246BB68D31AB4
:20112000052B0CD97B6820225A657B68032283F835207B68002283F83420032315E07B680C
:201140001B681B6803F00103002BE4D17B68DB6D3F229A40FB689A607B68012283F8352019
:201160007B68002283F83420002318461037BD4680BD80B483B000AF78607B6893F83530D2
:20118000DBB2022B04D07B6880225A6501230CE07B68052283F835207B681B681A687B68C8
:2011A0001B6822F001021A60002318460C37BD465DF8047B7047000080B586B000AFF86059
:2011C000B960C7E90023234B1B7E012B01D102233BE0204B01221A764CF2503000F07CF89E
:2011E0000346FB75FB7D002B2BD1FB68002B05D13B781946B86800F027F916E0FB68012B6C
:2012000005D13B881946B86800F0FAF80DE0FB68022B05D13B681946B86800F0CFF804E0C4
:20122000D7E90023B86800F097F84CF2503000F053F80346FB75084B1B69074A23F001033B
:201240001361044B00221A76FB7D18461837BD4680BD00BF10000020003C024080B483B0E0
:2012600000AF0023FB710B4B1B69002B0BDA094B094A5A60074B094A5A60064B1B69002B86
:2012800001DA0123FB71FB7918460C37BD465DF8047B7047003C024023016745AB89EFCD02
:2012A00080B400AF054B1B69044A43F00043136100231846BD465DF8047B7047003C0240B2
:2012C00080B400AF034BDB691846BD465DF8047B704700BF1000002080B584B000AF7860CE
:2012E0000023FB601A4B0022DA61FFF791FDF86010E07B68B3F1FF3F0CD07B68002B07D05C
:20130000FFF786FD0246FB68D31A7A689A4201D2032319E00F4BDB6803F48033002BE8D1E1
:201320000C4BDB6803F00103002B02D0094B0122DA60084BDB6803F4F973002B03D000F087
:20134000A5F8012300E0002318461037BD4680BD10000020003C024080B485B000AFF860C6
:20136000C7E90023144B1B69134A23F440731361114B1B69104A43F4407313610E4B1B69A7
:201380000D4A43F001031361FB683A681A60BFF36F8F00BFD7E900014FF000024FF0000319
:2013A0000A000023F968043113460B6000BF1437BD465DF8047B7047003C024080B483B029
:2013C00000AF786039600D4B1B690C4A23F4407313610A4B1B69094A43F400731361074BE1
:2013E0001B69064A43F0010313617B683A681A6000BF0C37BD465DF8047B7047003C024061
:2014000080B483B000AF78600B467B800D4B1B690C4A23F4407313610A4B1B69094A43F4BF
:2014200080731361074B1B69064A43F0010313617B687A881A8000BF0C37BD465DF8047B1C
:20144000704700BF003C024080B483B000AF78600B46FB700C4B1B690B4A23F44073136180
:20146000094B094A1B691361074B1B69064A43F0010313617B68FA781A7000BF0C37BD4618
:201480005DF8047B704700BF003C024080B400AF2F4BDB6803F01003002B08D02D4BDB691F
:2014A00043F010032B4AD361294B1022DA60284BDB6803F02003002B08D0264BDB6943F0A6
:2014C0000803244AD361224B2022DA60204BDB6803F04003002B08D01E4BDB6943F00403A8
:2014E0001C4AD3611A4B4022DA60194BDB6803F08003002B08D0174BDB6943F00203154AF4
:20150000D361134B8022DA60114BDB6803F48073002B09D00F4BDB6943F001030D4AD36170
:201520000B4B4FF48072DA60094BDB6803F00203002B08D0074BDB6943F02003054AD361E5
:20154000034B0222DA6000BFBD465DF8047B7047003C02401000002080B489B000AF7860F0
:20156000396000237B6100233B610023BB610023FB6159E10122FB6902FA03F37B613B6824
:201580001B687A6913403B613A697B699A4240F048813B685B6803F00303012B05D03B6897
:2015A0005B6803F00303022B30D17B689B68BB61FB695B00032202FA03F3DB43BA691340D5
:2015C000BB613B68DA68FB695B0002FA03F3BA691343BB617B68BA699A607B685B68BB6102
:2015E0000122FB6902FA03F3DB43BA691340BB613B685B681B0903F00102FB6902FA03F3EC
:20160000BA691343BB617B68BA695A603B685B6803F00303032B17D07B68DB68BB61FB695B
:201620005B00032202FA03F3DB43BA691340BB613B689A68FB695B0002FA03F3BA691343B9
:20164000BB617B68BA69DA603B685B6803F00303022B23D1FB69DA087B68083253F82230AE
:20166000BB61FB6903F007039B000F2202FA03F3DB43BA691340BB613B681A69FB6903F002
:2016800007039B0002FA03F3BA691343BB61FB69DA087B680832B96943F822107B681B68C6
:2016A000BB61FB695B00032202FA03F3DB43BA691340BB613B685B6803F00302FB695B006B
:2016C00002FA03F3BA691343BB617B68BA691A603B685B6803F44033002B00F0A2800023D3
:2016E000FB60574B5B6C564A43F480435364544B5B6C03F48043FB60FB68524AFB699B0854
:20170000023352F82330BB61FB6903F003039B000F2202FA03F3DB43BA691340BB617B682D
:20172000494A934219D07B68484A934213D07B68474A93420DD07B68464A934207D07B6803
:20174000454A934201D1042308E0072306E0032304E0022302E0012300E00023FA6902F0A7
:20176000030292009340BA691343BB613549FB699B080233BA6941F82320384B9B68BB616F
:201780003B69DB43BA691340BB613B685B6803F48013002B03D0BA693B691343BB612F4A55
:2017A000BB6993602D4BDB68BB613B69DB43BA691340BB613B685B6803F40013002B03D079
:2017C000BA693B691343BB61244ABB69D360234B5B68BB613B69DB43BA691340BB613B68C7
:2017E0005B6803F40033002B03D0BA693B691343BB611A4ABB695360184B1B68BB613B69E4
:20180000DB43BA691340BB613B685B6803F48033002B03D0BA693B691343BB610F4ABB6954
:201820001360FB690133FB61FB690F2B7FF6A2AE00BF00BF2437BD465DF8047B704700BFB8
:201840000038024000380140000002400004024000080240000C024000100240003C0140A6
:2018600080B483B000AF78600B467B8013467B707B78002B03D07A887B689A6103E07B8833
:201880001A047B689A6100BF0C37BD465DF8047B704780B485B000AF78600B467B807B689D
:2018A0005B69FB607A88FB6813401A04FB68D9437B880B401A437B689A6100BF1437BD461E
:2018C0005DF8047B7047000080B582B000AF0346FB80084B5A69FB881340002B06D0054A67
:2018E000FB885361FB881846FFF772F800BF0837BD4680BD003C014080B586B000AF7860C3
:201900007B68002B01D1012367E27B681B6803F00103002B75D0884B9B6803F00C03042BA6
:201920000CD0854B9B6803F00C03082B12D1824B5B6803F48003B3F5800F0BD17E4B1B6877
:2019400003F40033002B5BD07B685B68002B57D1012342E27B685B68B3F5803F06D1764B21
:201960001B68754A43F4803313601DE07B685B68B3F5A02F0CD1704B1B686F4A43F4802300
:2019800013606D4B1B686C4A43F4803313600BE0694B1B68684A23F480331360664B1B6841
:2019A000654A23F4802313607B685B68002B13D0FFF72EFA386108E0FFF72AFA02463B69F2
:2019C000D31A642B01D9032307E25B4B1B6803F40033002BF0D014E0FFF71AFA386108E0E5
:2019E000FFF716FA02463B69D31A642B01D90323F3E1514B1B6803F40033002BF0D100E090
:201A000000BF7B681B6803F00203002B63D04A4B9B6803F00C03002B0BD0474B9B6803F023
:201A20000C03082B1CD1444B5B6803F48003002B16D1414B1B6803F00203002B05D07B68AF
:201A4000DB68012B01D00123C7E13B4B1B6823F0F8027B681B69DB00374913430B603AE0C7
:201A60007B68DB68002B20D0344B01221A60FFF7CFF9386108E0FFF7CBF902463B69D31A37
:201A8000022B01D90323A8E12B4B1B6803F00203002BF0D0284B1B6823F0F8027B681B694A
:201AA000DB00254913430B6015E0244B00221A60FFF7AEF9386108E0FFF7AAF902463B6979
:201AC000D31A022B01D9032387E11B4B1B6803F00203002BF0D17B681B6803F00803002B28
:201AE00036D07B685B69002B16D0154B01221A60FFF78EF9386108E0FFF78AF902463B69C8
:201B0000D31A022B01D9032367E10B4B5B6F03F00203002BF0D01BE0094B00221A60FFF77F
:201B200077F938610EE0FFF773F902463B69D31A022B07D9032350E100380240000047420C
:201B4000800E4742884B5B6F03F00203002BEAD17B681B6803F00403002B00F0978000233E
:201B6000FB75814B1B6C03F08053002B0FD10023BB607D4B1B6C7C4A43F0805313647A4B3C
:201B80001B6C03F08053BB60BB680123FB75774B1B6803F48073002B18D1744B1B68734AE4
:201BA00043F480731360FFF733F9386108E0FFF72FF902463B69D31A022B01D903230CE1D4
:201BC0006A4B1B6803F48073002BF0D07B689B68012B06D1644B1B6F634A43F00103136778
:201BE0001CE07B689B68052B0CD15F4B1B6F5E4A43F0040313675C4B1B6F5B4A43F0010359
:201C000013670BE0584B1B6F574A23F001031367554B1B6F544A23F0040313677B689B68BE
:201C2000002B15D0FFF7F4F838610AE0FFF7F0F802463B69D31A41F28832934201D90323B6
:201C4000CBE0494B1B6F03F00203002BEED014E0FFF7DEF838610AE0FFF7DAF802463B69E3
:201C6000D31A41F28832934201D90323B5E03E4B1B6F03F00203002BEED1FB7D012B05D1B1
:201C8000394B1B6C384A23F0805313647B689B69002B00F0A180344B9B6803F00C03082B80
:201CA0005CD07B689B69022B41D1314B00221A60FFF7AEF8386108E0FFF7AAF802463B6919
:201CC000D31A022B01D9032387E0274B1B6803F00073002BF0D17B68DA697B681B6A1A4351
:201CE0007B685B6A9B011A437B689B6A5B08013B1B041A437B68DB6A1B061B4913434B6092
:201D00001B4B01221A60FFF783F8386108E0FFF77FF802463B69D31A022B01D903235CE01F
:201D2000114B1B6803F00073002BF0D054E0104B00221A60FFF76CF8386108E0FFF768F817
:201D400002463B69D31A022B01D9032345E0064B1B6803F00073002BF0D13DE07B689B692E
:201D6000012B07D1012338E00038024000700040600047421B4B5B68FB607B689B69012B79
:201D800028D0FB6803F480027B68DB699A4221D1FB6803F03F027B681B6A9A421AD1FA6852
:201DA00047F6C07313407A68526A9201934211D1FB6803F440327B689B6A5B08013B1B0406
:201DC0009A4207D1FB6803F070627B68DB6A1B069A4201D0012300E0002318461837BD465A
:201DE00080BD00BF0038024080B584B000AF786039607B68002B01D10123CCE0684B1B68FE
:201E000003F007033A689A420CD9654B3A68D2B21A70634B1B6803F007033A689A4201D085
:201E20000123B8E07B681B6803F00203002B20D07B681B6803F00403002B05D0594B9B6866
:201E4000584A43F4E05393607B681B6803F00803002B05D0534B9B68524A43F46043936015
:201E6000504B9B6823F0F0027B689B684D4913438B607B681B6803F00103002B44D07B6883
:201E80005B68012B07D1474B1B6803F40033002B19D101237FE07B685B68022B03D07B681B
:201EA0005B68032B07D13F4B1B6803F00073002B09D101236FE03B4B1B6803F00203002B42
:201EC00001D1012367E0374B9B6823F003027B685B68344913438B60FEF79AFFF8600AE0F4
:201EE000FEF796FF0246FB68D31A41F28832934201D903234FE02B4B9B6803F00C027B6872
:201F00005B689B009A42EBD1254B1B6803F007033A689A420CD2224B3A68D2B21A70204BF7
:201F20001B6803F007033A689A4201D0012332E07B681B6803F00403002B08D0194B9B68D2
:201F400023F4E0527B68DB68164913438B607B681B6803F00803002B09D0124B9B6823F493
:201F600060427B681B69DB000E4913438B6000F021F802460B4B9B681B0903F00F030A49BF
:201F8000CB5C22FA03F3094A1360094B1B681846FEF7FAFE002318461037BD4680BD00BF59
:201FA000003C02400038024084B3000800000020080000202DE9B04F90B000AF00237B639D
:201FC0000023FB6300233B630023BB63584B9B6803F00C03082B0DD0082B00F2A080002B56
:201FE00002D0042B03D09AE0524BBB639AE0524BBB6397E04E4B5B6803F03F037B634C4B26
:202000005B6803F48003002B27D0494B5B689B0900223B627A623B6AC3F308000021464BB6
:2020200003FB01F2002300FB03F31344424AA0FB0221F962BA62FA6A1344FB627B6B002263
:20204000BB61FA61D7E90623D7E90A01FEF7CCF902460B461346FB6353E0354B5B689B0931
:2020600000223B617A613B69C3F3080A4FF0000B52465B464FF000004FF00001590141EAD4
:20208000D261500102460B46B2EB0A0863EB0B094FF000024FF000034FEA891343EA986392
:2020A0004FEA8812B2EB080463EB09054FF000024FF00003EB0043EA5473E20014461D4647
:2020C00014EB0A033B6045EB0B037B604FF000024FF00003D7E9004529468B02214643EA28
:2020E000915321468A02104619467B6B0022BB60FA60D7E90223FEF777F902460B4613469B
:20210000FB630B4B5B681B0C03F0030301335B003B63FA6B3B6BB2FBF3F3BB6302E0054B0D
:20212000BB6300BFBB6B18464037BD46BDE8B08F003802400024F40040787D0180B400AF35
:20214000034B1B681846BD465DF8047B704700BF0000002080B500AFFFF7F0FF0246054B82
:202160009B689B0A03F007030349CB5C22FA03F3184680BD0038024094B3000880B500AFED
:20218000FFF7DCFF0246054B9B685B0B03F007030349CB5C22FA03F3184680BD00380240D6
:2021A00094B3000880B582B000AF78607B68002B01D1012342E07B6893F84130DBB2002B25
:2021C00006D17B68002283F840207868FEF782FC7B68242283F841207B681B68DA687B6865
:2021E0001B6822F40052DA60786800F0FDFD7B681B681A697B681B6822F490421A617B685B
:202200001B685A697B681B6822F02A025A617B681B68DA687B681B6842F40052DA607B6866
:2022200000225A647B68202283F841207B68202283F842207B6800225A6300231846083739
:20224000BD4680BD80B58AB002AFF860B9603B601346FB8000237B61FB6893F84130DBB253
:20226000202B75D1BB68002B02D0FB88002B01D101236EE0FB6800225A64FB68212283F857
:202280004120FEF7C5FD7861FB68FA889A84FB68FA88DA84FB689B68B3F5805F08D1FB68DE
:2022A0001B69002B04D10023FB61BB68BB6103E0BB68FB610023BB612EE03B6800937B6913
:2022C00000228021F86800F061FB0346002B05D0FB68202283F8412003233AE0FB69002BF6
:2022E0000BD1BB691B881A46FB681B68C2F308025A60BB690233BB6107E0FB691A78FB68C7
:202300001B685A60FB690133FB61FB68DB8C9BB2013B9AB2FB68DA84FB68DB8C9BB2002BEA
:20232000CBD13B6800937B6900224021F86800F02DFB0346002B05D0FB68202283F8412022
:20234000032306E0FB68202283F84120002300E0022318462037BD4680BD80B485B000AFBB
:20236000F860B9601346FB80FB6893F84130DBB2202B21D1BB68002B02D0FB88002B01D14F
:2023800001231AE0FB68BA681A62FB68FA889A84FB68FA88DA84FB6800225A64FB682122EF
:2023A00083F84120FB681B68DA68FB681B6842F08002DA60002300E0022318461437BD4671
:2023C0005DF8047B704780B584B000AFF860B9601346FB80FB6893F84230DBB2202B12D1FA
:2023E000BB68002B02D0FB88002B01D101230BE0FB6800221A63FB881A46B968F86800F0D8
:202400001EFB034600E0022318461037BD4680BD80B5BAB000AF78607B681B681B68C7F8A2
:20242000E4307B681B68DB68C7F8E0307B681B685B69C7F8DC300023C7F8D8300023C7F84F
:20244000D430D7F8E43003F00F03C7F8D830D7F8D830002B0FD1D7F8E43003F02003002BC3
:2024600009D0D7F8E03003F02003002B03D0786800F0FBFB73E2D7F8D830002B00F0DE8025
:20248000D7F8DC3003F00103002B06D1D7F8E03003F49073002B00F0D180D7F8E43003F04D
:2024A0000103002B0BD0D7F8E03003F48073002B05D07B685B6C43F001027B685A64D7F8F9
:2024C000E43003F00403002B0BD0D7F8DC3003F00103002B05D07B685B6C43F002027B6852
:2024E0005A64D7F8E43003F00203002B0BD0D7F8DC3003F00103002B05D07B685B6C43F08E
:2025000004027B685A64D7F8E43003F00803002B11D0D7F8E03003F02003002B05D1D7F862
:20252000DC3003F00103002B05D07B685B6C43F008027B685A647B685B6C002B00F00A82BF
:20254000D7F8E43003F02003002B08D0D7F8E03003F02003002B02D0786800F086FB7B6859
:202560001B685B6903F04003402B0CBF01230023DBB2C7F8D4307B685B6C03F00803002B3E
:2025800003D1D7F8D430002B4FD0786800F091FA7B681B685B6903F04003402B41D17B682F
:2025A0001B681433C7F89C30D7F89C3053E8003FC7F89830D7F8983023F04003C7F8D0307E
:2025C0007B681B681433D7F8D020C7F8A820C7F8A430D7F8A410D7F8A82041E80023C7F850
:2025E000A030D7F8A030002BD9D17B68DB6B002B13D07B68DB6B8A4A1A657B68DB6B18465D
:20260000FEF7B7FD0346002B16D07B68DB6B1B6D7A68D26B104698470EE0786800F0ACF94F
:202620000AE0786800F0A8F906E0786800F0A4F97B6800225A648DE100BF8BE17B681B6B27
:20264000012B40F06781D7F8E43003F01003002B00F06081D7F8E03003F01003002B00F051
:2026600059810023BB607B681B681B68BB607B681B685B68BB60BB687B681B685B6903F0BA
:202680004003402B40F0CE807B68DB6B1B685B68A7F8BE30B7F8BE30002B00F0A9807B684E
:2026A0009B8DB7F8BE209A4280F0A2807B68B7F8BE20DA857B68DB6BDB69B3F5807F00F024
:2026C00088807B681B680C33C7F88830D7F8883053E8003FC7F88430D7F8843023F48073D5
:2026E000C7F8B8307B681B680C33D7F8B820C7F89420C7F89030D7F89010D7F8942041E8DA
:202700000023C7F88C30D7F88C30002BD9D17B681B6814337B677B6F53E8003F3B673B6F7C
:2027200023F00103C7F8B4307B681B681433D7F8B420C7F88020FB67F96FD7F8802041E8CE
:202740000023BB67BB6F002BE1D17B681B6814333B663B6E53E8003FFB65FB6D23F040039E
:20276000C7F8B0307B681B681433D7F8B020FA66BB66B96EFA6E41E800237B667B6E002B1D
:20278000E3D17B68202283F842207B6800221A637B681B680C33FB64FB6C53E8003FBB64FD
:2027A000BB6C23F01003C7F8AC307B681B680C33D7F8AC20BA657B65796DBA6D41E8002399
:2027C0003B653B6D002BE3D17B68DB6B1846FEF760FC7B6802225A637B689A8D7B68DB8DE1
:2027E0009BB2D31A9BB219467868FEF731F9B3E07B689B8DB7F8BE209A4240F0AD807B68AD
:20280000DB6BDB69B3F5807F40F0A6807B6802225A637B689B8D19467868FEF719F99BE0A1
:2028200079AB00087B689A8D7B68DB8D9BB2D31AA7F8CE307B68DB8D9BB2002B00F08E807F
:20284000B7F8CE30002B00F089807B681B680C33BB63BB6B53E8003F7B637B6B23F4907366
:20286000C7F8C8307B681B680C33D7F8C8207A643B64396C7A6C41E80023FB63FB6B002B02
:20288000E3D17B681B6814337B627B6A53E8003F3B623B6A23F00103C7F8C4307B681B6829
:2028A0001433D7F8C4203A63FB62F96A3A6B41E80023BB62BB6A002BE3D17B68202283F80F
:2028C00042207B6800221A637B681B680C333B613B6953E8003FFB60FB6823F01003C7F812
:2028E000C0307B681B680C33D7F8C020FA61BB61B969FA6941E800237B617B69002BE3D1AD
:202900007B6802225A63B7F8CE3019467868FEF79FF823E0D7F8E43003F08003002B09D01B
:20292000D7F8E03003F08003002B03D0786800F034F914E0D7F8E43003F04003002B0ED031
:20294000D7F8E03003F04003002B08D0786800F074F904E000BF02E000BF00E000BFE83720
:20296000BD4680BD80B483B000AF786000BF0C37BD465DF8047B704780B483B000AF7860AB
:2029800000BF0C37BD465DF8047B704780B586B000AFF860B9603B601346FB713BE03B6AFC
:2029A000B3F1FF3F37D0FEF733FA02463B68D31A3A6A9A4202D33B6A002B01D103233AE0FD
:2029C000FB681B68DB6803F00403002B23D0BB68802B20D0BB68402B1DD0FB681B681B6814
:2029E00003F00803082B16D100237B61FB681B681B687B61FB681B685B687B617B69F868B2
:202A000000F057F8FB6808225A64FB68002283F8402001230FE0FB681B681A68BB681340DB
:202A2000BA689A420CBF01230023DBB21A46FB799A42B4D0002318461837BD4680BD80B481
:202A400085B000AFF860B9601346FB80FB68BA689A62FB68FA889A85FB68FA88DA85FB6821
:202A600000225A64FB68222283F84220FB681B69002B07D0FB681B68DA68FB681B6842F4C5
:202A80008072DA60FB681B685A69FB681B6842F001025A61FB681B68DA68FB681B6842F04B
:202AA0002002DA60002318461437BD465DF8047B704780B495B000AF78607B681B680C33BB
:202AC0007B637B6B53E8003F3B633B6B23F49073FB647B681B680C33FA6C3A64FB63F96B90
:202AE0003A6C41E80023BB63BB6B002BE5D17B681B6814333B623B6A53E8003FFB61FB6996
:202B000023F00103BB647B681B681433BA6CFA62BB62B96AFA6A41E800237B627B6A002B73
:202B2000E5D17B681B6B012B19D17B681B680C33FB60FB6853E8003FBB60BB6823F010031F
:202B40007B647B681B680C337A6CBA617B617969BA6941E800233B613B69002BE5D17B68BF
:202B6000202283F842207B6800221A6300BF5437BD465DF8047B704780B584B000AF7860EC
:202B80007B689B6BFB60FB680022DA85F868FFF7F3FE00BF1037BD4680BD80B485B000AF68
:202BA00078607B6893F84130DBB2212B3ED17B689B68B3F5805F14D17B681B69002B10D1B1
:202BC0007B681B6AFB60FB681B881A467B681B68C2F308025A607B681B6A9A1C7B681A6270
:202BE00008E07B681B6A591C7A6811621A787B681B685A607B68DB8C9BB2013B9BB27A6807
:202C00001946D184002B0FD17B681B68DA687B681B6822F08002DA607B681B68DA687B688E
:202C20001B6842F04002DA60002300E0022318461437BD465DF8047B704780B582B000AFEE
:202C400078607B681B68DA687B681B6822F04002DA607B68202283F841207868FFF782FEA9
:202C6000002318460837BD4680BD80B58CB000AF78600023FB620023BB627B6893F84230BC
:202C8000DBB2222B40F0AA807B689B68B3F5805F15D17B681B69002B11D17B689B6ABB6234
:202CA0007B681B685B689BB2C3F308039AB2BB6A1A807B689B6A9A1C7B689A6224E07B686E
:202CC0009B6AFB627B689B68B3F5805F07D07B689B68002B0AD17B681B69002B06D17B6816
:202CE0001B685B68DAB2FB6A1A7008E07B681B685B68DBB203F07F03DAB2FB6A1A707B68A2
:202D00009B6A5A1C7B689A627B68DB8D9BB2013B9BB27A681946D185002B5DD17B681B68E2
:202D2000DA687B681B6822F02002DA607B681B68DA687B681B6822F48072DA607B681B68C7
:202D40005A697B681B6822F001025A617B68202283F842207B6800225A637B681B6B012B21
:202D600035D17B6800221A637B681B680C337B617B6953E8003F3B613B6923F010037B62A9
:202D80007B681B680C337A6A3A62FB61F9693A6A41E80023BB61BB69002BE5D17B681B68D9
:202DA0001B6803F01003102B0AD10023FB607B681B681B68FB607B681B685B68FB60FB68CB
:202DC0007B689B8D19467868FDF742FE02E07868FDF71CFE002302E0002300E0022318461A
:202DE0003037BD4680BD00002DE9B04FC0B000AFC7F8F400D7F8F4301B681B6923F44050A4
:202E0000D7F8F430D968D7F8F4301A6840EA01031361D7F8F4309A68D7F8F4301B691A439E
:202E2000D7F8F4305B691A43D7F8F430DB691343C7F8F830D7F8F4301B68DB6823F41641E3
:202E400021F00C01D7F8F4301A68D7F8F8300B43D360D7F8F4301B685B6923F44070D7F897
:202E6000F4309969D7F8F4301A6840EA01035361D7F8F4301A688F4B9A4205D0D7F8F430E2
:202E80001A688D4B9A4204D1FFF778F9C7F8FC0003E0FFF75FF9C7F8FC00D7F8F430DB69E2
:202EA000B3F5004F40F00C81D7F8FC300022C7F8E830C7F8EC20D7E93A4522462B469118DE
:202EC000B9655B41FB65D7E91623214612EB0108294643EB01094FF000024FF000034FEA0F
:202EE000C90343EA58734FEAC80290469946234618EB0303C7F8E0302B4649EB0303C7F8AB
:202F0000E430D7F8F4305B680022C7F8D830C7F8DC20D7E936120B46DB183B65134642EBD1
:202F200003037B65D7E91423D7E93801FDF75CFA02460B46614BA3FB02235B091C01D7F819
:202F4000FC300022C7F8D030C7F8D420D7E9348942464B469118B9645B41FB64D7E9122365
:202F6000414612EB010A494643EB010B4FF000024FF000034FEACB0343EA5A734FEACA0270
:202F800092469B4643461AEB0303C7F8C8304B464BEB0303C7F8CC30D7F8F4305B680022CD
:202FA000C7F8C030C7F8C420D7E930120B46DB183B64134642EB03037B64D7E91023D7E9BC
:202FC0003201FDF711FA02460B4611463B4BA3FB01235B09642202FB03F3CB1ADB0003F1F6
:202FE0003202364BA3FB02235B095B0003F4F8731C44D7F8FC300022C7F8B830C7F8BC2079
:20300000D7E92E8942464B469118B9635B41FB63D7E90E2341465118396349464B417B63EB
:203020004FF000024FF00003D7E90CAB5946CB00514643EA51735146CA0010461946034645
:2030400042469B18C7F8B0304B460A4642EB0303C7F8B430D7F8F4305B680022C7F8A83070
:20306000C7F8AC20D7E92A120B46DB18BB62134642EB0303FB62D7E90A23D7E92C01FDF7B1
:20308000B3F902460B460D4BA3FB02135B09642101FB03F3D31ADB003233084AA2FB0323C3
:2030A0005B0903F00702D7F8F4301B6822449A6006E100BF00100140001401401F85EB51AE
:2030C000D7F8FC300022C7F8A030C7F8A420D7E9288942464B46911839625B417B62D7E9BA
:2030E000082341465418494643EB01054FF000024FF00003EB0043EA5473E20014461D46EE
:203100004346E318C7F898304B4645EB0303C7F89C30D7F8F4305B680022C7F89030C7F83C
:2031200094204FF000024FF00003D7E9244529468B00214643EA917321468A00D7E92601C5
:20314000FDF752F902460B46604BA3FB02235B091C01D7F8FC300022C7F88830C7F88C20A9
:20316000D7E9228942464B469118B9615B41FB61D7E9062341465118396149464B417B61A6
:203180004FF000024FF00003D7E904AB5946CB00514643EA51735146CA00104619460346EC
:2031A00042469B18C7F880304B460A4642EB0303C7F88430D7F8F4305B680022BB67FA6783
:2031C0004FF000024FF00003D7E91E8949468B00414643EA917341468A00D7E92001FDF74D
:2031E00003F902460B461146384BA3FB01235B09642202FB03F3CB1A1B013233334AA2FB41
:2032000003235B0903F0F0031C44D7F8FC3000223B677A67D7E91C8942464B469118B960FE
:203220005B41FB60D7E9022341465118396049464B417B604FF000024FF00003D7E900AB45
:203240005946CB00514643EA51735146CA0010461946034642469B18BB664B460A4642EBB3
:203260000303FB66D7F8F4305B6800223B667A664FF000024FF00003D7E9188949468B0090
:20328000414643EA917341468A00D7E91A01FDF7ABF802460B460D4BA3FB02135B09642166
:2032A00001FB03F3D31A1B013233084AA2FB03235B0903F00F02D7F8F4301B6822449A605B
:2032C00000BF07F58077BD46BDE8B08F1F85EB5102440346934200D1704703F8011BF9E792
:2032E00070B50D4B0D4D5B1B9C100026A64209D100F01AF80A4D0B4B5B1B9C100026A6420E
:2033000005D170BD55F8043B98470136EEE755F8043B98470136F2E7A4B30008A4B30008FA
:20332000A4B30008A8B30008F8B500BFF8BC08BC9E467047F8B500BFF8BC08BC9E467047CD
:203340000A48656C6C6F2066726F6D206170706C69636174696F6E0A00000000627574741E
:203360006F6E20636C69636B65642066726F6D207468652076657273696F6E203530306D04
:20338000730000000000000000000000010203040607080900000000010203043CD0FF7FFE
:2033A00001000000BD830008998300080024F400000004081000000001000000000000006B
:1C33C00000000000000000000000000001000000000000000000000000000000F0
:00000001FF
